Scaffold ID, scaffold position, LG, genetic position
Ha412HOChr04,38482717,4,39.316
Ha412HOChr01,135214655,1,16.224
Ha412HOChr02,115993500,2,21.147
Ha412HOChr15,40183354,15,32.076
Ha412HOChr10,182003374,10,68.375
Ha412HOChr13,15038138,13,0.432
Ha412HOChr02,142519868,2,20.544
Ha412HOChr08,93369764,8,56.06
Ha412HOChr16,152096802,16,43.542
Ha412HOChr10,129239216,10,44.236
Ha412HOChr13,165659158,13,50.721
Ha412HOChr01,151472357,1,55.684
Ha412HOChr02,142342444,2,20.544
Ha412HOChr15,185493263,15,0
Ha412HOChr03,153219376,3,47.137
Ha412HOChr08,32744263,8,40.611
Ha412HOChr05,94179388,5,33.889
Ha412HOChr15,111337941,15,15.224
Ha412HOChr17,58754468,17,55.598
Ha412HOChr15,180382616,15,2.977
Ha412HOChr11,54544813,11,55.524
Ha412HOChr11,58227062,11,56.086
Ha412HOChr04,58980469,4,42.903
Ha412HOChr12,15589159,12,27.09
Ha412HOChr10,176513610,10,59.539
Ha412HOChr07,106840411,7,9.088
Ha412HOChr17,24866778,17,48.22
Ha412HOChr05,140843328,5,43.685
Ha412HOChr10,161781495,10,50.862
Ha412HOChr03,161032793,3,50.522
Ha412HOChr15,137689544,15,4.841
Ha412HOChr06,45694685,6,51.753
Ha412HOChr08,24423234,8,35.088
Ha412HOChr05,186229538,5,90.703
Ha412HOChr01,81297763,1,18.176
Ha412HOChr01,158078847,1,73.823
Ha412HOChr07,149305771,7,28.711
Ha412HOChr10,13524915,10,27.282
Ha412HOChr12,29115842,12,20.211
Ha412HOChr08,12706975,8,22.747
Ha412HOChr09,131036228,9,35.702
Ha412HOChr05,164929005,5,44.459
Ha412HOChr11,560517,11,0
Ha412HOChr17,120745213,17,57.562
Ha412HOChr04,37900780,4,39.316
Ha412HOChr11,1052137,11,0.366
Ha412HOChr17,202701958,17,97.94
Ha412HOChr17,52610808,17,54.866
Ha412HOChr06,24098838,6,39.742
Ha412HOChr01,104884517,1,18.176
Ha412HOChr16,143796255,16,49.851
Ha412HOChr16,64427452,16,46.76
Ha412HOChr02,95732697,2,21.167
Ha412HOChr04,37900127,4,39.316
Ha412HOChr09,196820413,9,86.502
Ha412HOChr01,94857645,1,18.176
Ha412HOChr12,35063261,12,17.712
Ha412HOChr08,10028123,8,19.781
Ha412HOChr08,24390414,8,34.3
Ha412HOChr09,153014691,9,51.48
Ha412HOChr17,42074044,17,52.164
Ha412HOChr14,116989836,14,8.83
Ha412HOChr03,161098321,3,50.522
Ha412HOChr17,25590908,17,48.04
Ha412HOChr02,130803610,2,20.982
Ha412HOChr13,163935268,13,49.772
Ha412HOChr13,118241378,13,38.24
Ha412HOChr02,24328194,2,24.352
Ha412HOChr10,88795906,10,43.867
Ha412HOChr13,172041087,13,60.499
Ha412HOChr17,128536282,17,57.562
Ha412HOChr16,179974579,16,57.984
Ha412HOChr01,138086042,1,14.891
Ha412HOChr02,88612456,2,21.37
Ha412HOChr09,75907637,17,54.521
Ha412HOChr08,27485616,8,36.834
Ha412HOChr13,138308091,13,43.926
Ha412HOChr05,177417790,5,44.459
Ha412HOChr12,19063287,12,23.909
Ha412HOChr10,114596435,10,43.867
Ha412HOChr16,61349820,16,46.76
Ha412HOChr14,25802502,14,2.748
Ha412HOChr01,39902618,1,18.176
Ha412HOChr17,2320135,17,2.588
Ha412HOChr11,171083708,11,69.826
Ha412HOChr03,154404505,3,47.137
Ha412HOChr08,107675099,8,58.7
Ha412HOChr17,134707250,17,57.562
Ha412HOChr10,27830189,10,39.953
Ha412HOChr10,36403219,10,43.49
Ha412HOChr10,172760059,10,56.245
Ha412HOChr09,127334589,9,32.989
Ha412HOChr03,140276126,3,42.984
Ha412HOChr11,1404593,11,0.366
Ha412HOChr02,184327625,2,73.923
Ha412HOChr17,18881301,17,45.72
Ha412HOChr13,122692731,13,39.765
Ha412HOChr04,38803078,4,39.316
Ha412HOChr06,89487728,6,58.539
Ha412HOChr06,48750765,6,54.47
Ha412HOChr13,30698581,13,0.432
Ha412HOChr11,151562547,11,61.848
Ha412HOChr01,13490362,1,18.176
Ha412HOChr15,112930436,15,14.531
Ha412HOChr10,1022744,10,0
Ha412HOChr02,171607657,2,39.138
Ha412HOChr09,55772830,9,25.944
Ha412HOChr14,170167994,14,33.149
Ha412HOChr12,8733681,12,58.304
Ha412HOChr05,46762430,5,33.889
Ha412HOChr13,88556630,13,19.801
Ha412HOChr02,11393605,2,8.921
Ha412HOChr02,11393208,2,8.921
Ha412HOChr13,116947904,13,38.24
Ha412HOChr05,12072675,5,26.719
Ha412HOChr17,17376985,17,43.74
Ha412HOChr06,26870249,6,42.242
Ha412HOChr14,168321028,14,32.531
Ha412HOChr08,79295921,8,45.512
Ha412HOChr01,130036999,1,17.312
Ha412HOChr13,93315644,13,27.606
Ha412HOChr05,159901551,5,44.459
Ha412HOChr01,66474456,1,18.176
Ha412HOChr17,158441263,17,59.496
Ha412HOChr05,163471229,5,44.459
Ha412HOChr17,189184377,17,65.661
Ha412HOChr17,189183857,17,65.661
Ha412HOChr01,125852631,1,17.597
Ha412HOChr05,41283725,5,33.889
Ha412HOChr01,2178382,1,4.123
Ha412HOChr05,180867811,5,64.55
Ha412HOChr10,189302842,10,93.744
Ha412HOChr15,12377897,15,45.298
Ha412HOChr10,32001364,10,41.986
Ha412HOChr16,55367248,16,46.691
Ha412HOChr08,175877213,8,62.968
Ha412HOChr06,12241486,6,25.333
Ha412HOChr12,17511926,12,24.661
Ha412HOChr02,3370790,2,0
Ha412HOChr14,171000685,14,35.074
Ha412HOChr17,12468421,17,32.37
Ha412HOChr02,142274845,2,20.544
Ha412HOChr11,33034312,11,50.129
Ha412HOChr03,161504112,3,50.522
Ha412HOChr12,20520578,12,22.445
Ha412HOChr03,32183237,3,32.189
Ha412HOChr03,152441623,3,46.758
Ha412HOChr13,82917997,13,6.964
Ha412HOChr17,25663977,17,48.04
Ha412HOChr11,139794669,11,59.235
Ha412HOChr17,22677624,17,46.121
Ha412HOChr13,82170459,13,5.41
Ha412HOChr14,178150996,14,50.061
Ha412HOChr05,141523606,5,43.685
Ha412HOChr16,188225746,16,58.384
Ha412HOChr02,165229428,2,34.13
Ha412HOChr10,2543309,10,1.526
Ha412HOChr17,60390625,17,55.598
Ha412HOChr15,149866403,15,2.977
Ha412HOChr17,158896784,17,59.496
Ha412HOChr03,176632120,3,75.213
Ha412HOChr03,123587016,3,38.83
Ha412HOChr10,97939519,10,43.867
Ha412HOChr10,97940728,10,43.867
Ha412HOChr02,25833080,2,24.352
Ha412HOChr10,173637090,10,56.245
Ha412HOChr16,68916416,16,46.76
Ha412HOChr06,31440789,6,44.878
Ha412HOChr10,26748496,10,39.953
Ha412HOChr07,143208738,7,21.002
Ha412HOChr05,165174010,5,44.459
Ha412HOChr09,135669702,9,39.182
Ha412HOChr12,3463372,12,39.488
Ha412HOChr16,48293634,16,46.582
Ha412HOChr15,30950718,15,37.005
Ha412HOChr07,130604168,7,11.588
Ha412HOChr16,71021269,16,46.76
Ha412HOChr04,219103891,4,97.643
Ha412HOChr12,38133860,12,16.589
Ha412HOChr15,116588814,15,11.504
Ha412HOChr06,51215719,6,54.47
Ha412HOChr09,137414558,9,40.183
Ha412HOChr07,67714624,7,7.94
Ha412HOChr10,152622477,10,49.412
Ha412HOChr11,166998362,11,66.652
Ha412HOChr04,6471615,4,17.52
Ha412HOChr09,122475151,9,31.501
Ha412HOChr17,37641796,17,51.789
Ha412HOChr01,148926578,1,40.317
Ha412HOChr09,183057446,9,58.988
Ha412HOChr06,28375202,6,43.379
Ha412HOChr01,79863689,1,18.176
Ha412HOChr03,130330168,3,40.733
Ha412HOChr02,27327155,2,19.072
Ha412HOChr14,73211280,5,34.2
Ha412HOChr06,90728703,6,58.539
Ha412HOChr01,87374569,1,18.176
Ha412HOChr10,176514196,10,59.539
Ha412HOChr17,45898631,17,53.564
Ha412HOChr10,33494645,10,43.114
Ha412HOChr13,32199781,13,0.432
Ha412HOChr13,141795815,13,44.623
Ha412HOChr13,141796240,13,44.623
Ha412HOChr04,60485435,13,44.623
Ha412HOChr03,136079337,3,41.861
Ha412HOChr16,196165511,16,66.479
Ha412HOChr16,68282674,16,46.378
Ha412HOChr05,49183257,5,33.889
Ha412HOChr09,8443496,9,13.99
Ha412HOChr01,145982937,1,31.726
Ha412HOChr10,133989582,10,44.973
Ha412HOChr14,156545159,14,26.313
Ha412HOChr13,123476358,13,40.142
Ha412HOChr02,155879110,1,18.176
Ha412HOChr03,122186953,3,38.06
Ha412HOChr01,101951254,1,18.176
Ha412HOChr05,23201847,5,33.107
Ha412HOChr16,2877109,16,0
Ha412HOChr16,162592407,16,51.885
Ha412HOChr10,82211036,10,43.954
Ha412HOChr17,186777015,17,63.969
Ha412HOChr04,610151,4,0
Ha412HOChr10,31203272,10,41.986
Ha412HOChr05,180867195,5,64.55
Ha412HOChr16,56836212,16,46.691
Ha412HOChr10,169122089,10,54.736
Ha412HOChr10,156168633,10,50.112
Ha412HOChr10,70027053,10,43.867
Ha412HOChr05,31787583,12,16.589
Ha412HOChr17,66310155,17,55.959
Ha412HOChr17,160387679,17,60.344
Ha412HOChr01,112994811,1,18.176
Ha412HOChr17,176746110,17,63.585
Ha412HOChr10,9486031,10,16.554
Ha412HOChr02,137791409,2,20.544
Ha412HOChr02,57745935,2,22.319
Ha412HOChr02,57745491,2,22.319
Ha412HOChr01,109779044,1,18.176
Ha412HOChr09,127579343,9,33.38
Ha412HOChr13,130310543,13,42.905
Ha412HOChr07,141084388,7,18.587
Ha412HOChr12,174097444,12,0
Ha412HOChr15,143166536,15,3.714
Ha412HOChr05,127764470,5,40.261
Ha412HOChr01,91560334,1,18.176
Ha412HOChr10,181533236,10,67.969
Ha412HOChr05,48981734,5,33.889
Ha412HOChr03,175860140,3,71.595
Ha412HOChr15,185811837,15,0
Ha412HOChr16,192656283,16,62.78
Ha412HOChr13,34201668,13,0.432
Ha412HOChr10,24336661,10,38.413
Ha412HOChr13,106708776,13,37.473
Ha412HOChr16,144661204,16,44.246
Ha412HOChr01,45559670,1,18.176
Ha412HOChr05,152022323,5,44.459
Ha412HOChr05,152023067,5,44.459
Ha412HOChr13,9899233,13,0.432
Ha412HOChr10,156683221,10,50.112
Ha412HOChr15,4325628,15,71.105
Ha412HOChr10,123060720,10,44.236
Ha412HOChr05,34396593,5,33.889
Ha412HOChr09,213043,9,0
Ha412HOChr15,16653209,15,40.273
Ha412HOChr05,186718034,5,91.765
Ha412HOChr04,332614,4,0
Ha412HOChr12,38569045,12,16.217
Ha412HOChr11,54736361,11,55.524
Ha412HOChr04,30954985,4,37.161
Ha412HOChr08,26008739,8,35.481
Ha412HOChr08,8188351,8,14.154
Ha412HOChr04,609557,4,0
Ha412HOChr02,111763625,2,21.147
Ha412HOChr04,212977284,4,68.961
Ha412HOChr03,18633094,3,27.547
Ha412HOChr12,4093799,12,43.089
Ha412HOChr13,154077984,13,47.552
Ha412HOChr04,216953736,4,91.739
Ha412HOChr08,40054446,8,41.542
Ha412HOChr10,13574672,10,27.701
Ha412HOChr10,176002660,10,58.74
Ha412HOChr05,166068181,5,44.459
Ha412HOChr05,132775414,5,42.146
Ha412HOChr07,977525,7,0
Ha412HOChr10,29841184,10,41.402
Ha412HOChr04,213976150,4,75.176
Ha412HOChr04,3316257,4,8.464
Ha412HOChr11,176604565,11,71.965
Ha412HOChr15,34887626,15,34.624
Ha412HOChr12,23868705,12,22.071
Ha412HOChr05,2089581,10,55.103
Ha412HOChr15,34638956,15,34.624
Ha412HOChr12,15253809,12,27.472
Ha412HOChr13,119493447,13,38.622
Ha412HOChr14,186608329,14,77.455
Ha412HOChr10,16857264,10,32.105
Ha412HOChr14,177687954,14,46.359
Ha412HOChr16,125335316,16,45.874
Ha412HOChr03,155801388,3,48.238
Ha412HOChr02,147626095,2,22.93
Ha412HOChr16,142075575,16,44.689
Ha412HOChr02,24348487,2,24.352
Ha412HOChr08,2603345,8,3.444
Ha412HOChr03,169770933,3,55.243
Ha412HOChr01,67404710,1,18.176
Ha412HOChr14,140868084,14,18.922
Ha412HOChr10,113484426,10,43.867
Ha412HOChr10,113485207,10,43.867
Ha412HOChr17,3450095,17,5.459
Ha412HOChr12,36334128,12,17.337
Ha412HOChr10,115385279,10,43.867
Ha412HOChr10,123777996,10,44.236
Ha412HOChr06,10506991,6,24.249
Ha412HOChr10,129137672,10,44.236
Ha412HOChr08,60165248,8,42.713
Ha412HOChr16,179993959,16,57.984
Ha412HOChr05,170209249,5,44.459
Ha412HOChr03,123495741,3,38.83
Ha412HOChr07,1305903,7,0
Ha412HOChr05,179361496,5,50.867
Ha412HOChr11,58281752,11,56.086
Ha412HOChr06,47407096,6,53.371
Ha412HOChr03,181418015,3,88.989
Ha412HOChr05,35949182,5,33.889
Ha412HOChr08,113178100,8,59.873
Ha412HOChr15,134363184,15,4.841
Ha412HOChr06,20360269,6,37.618
Ha412HOChr05,180285566,5,58.691
Ha412HOChr14,1329258,14,0
Ha412HOChr08,24467528,8,35.088
Ha412HOChr08,24466910,8,35.088
Ha412HOChr14,15597026,14,2.334
Ha412HOChr13,132205408,13,42.909
Ha412HOChr01,134210601,1,16.475
Ha412HOChr01,38047387,1,18.176
Ha412HOChr10,148446495,10,47.245
Ha412HOChr01,56709321,1,18.176
Ha412HOChr01,9495431,1,11.643
Ha412HOChr10,167078912,10,54.054
Ha412HOChr10,13582870,10,27.701
Ha412HOChr01,30170710,1,18.176
Ha412HOChr08,24679187,8,35.481
Ha412HOChr10,14408715,10,30.495
Ha412HOChr10,155201471,10,49.801
Ha412HOChr09,124251147,9,31.501
Ha412HOChr10,176761920,10,59.539
Ha412HOChr13,141796568,13,44.623
Ha412HOChr14,91969550,14,4.12
Ha412HOChr05,75178412,5,33.889
Ha412HOChr03,166931471,3,53.662
Ha412HOChr17,163837930,17,61.697
Ha412HOChr10,43246392,10,43.49
Ha412HOChr13,117886936,13,38.24
Ha412HOChr16,78388783,16,46.76
Ha412HOChr10,190204485,10,94.462
Ha412HOChr16,127241288,16,45.874
Ha412HOChr05,90111569,5,33.889
Ha412HOChr10,21286601,10,36.046
Ha412HOChr13,135511165,13,43.745
Ha412HOChr12,13465589,12,28.467
Ha412HOChr10,145355971,10,46.863
Ha412HOChr05,173925721,5,44.459
Ha412HOChr17,1031873,17,0
Ha412HOChr01,100929222,1,18.176
Ha412HOChr11,39286076,11,50.879
Ha412HOChr08,50603081,8,42.334
Ha412HOChr10,886426,10,0
Ha412HOChr02,11336221,2,8.64
Ha412HOChr10,178241877,10,62.307
Ha412HOChr13,129640910,13,42.146
Ha412HOChr16,14684638,16,32.697
Ha412HOChr03,132664752,3,41.112
Ha412HOChr08,49671135,8,42.334
Ha412HOChr10,149031869,10,47.983
Ha412HOChr03,145916456,3,44.871
Ha412HOChr13,164250985,13,49.772
Ha412HOChr13,154077424,13,47.575
Ha412HOChr08,74314988,8,44.773
Ha412HOChr15,61067633,15,28.131
Ha412HOChr10,172557959,10,56.245
Ha412HOChr15,28616197,15,37.005
Ha412HOChr11,559934,11,0
Ha412HOChr08,37543134,8,41.362
Ha412HOChr02,79487951,2,21.935
Ha412HOChr11,146439172,11,59.606
Ha412HOChr10,175273918,10,58.198
Ha412HOChr09,155560759,9,51.873
Ha412HOChr16,78388887,16,46.76
Ha412HOChr01,158463612,1,73.823
Ha412HOChr02,136325466,2,20.544
Ha412HOChr02,136325796,2,20.544
Ha412HOChr06,45918837,6,51.753
Ha412HOChr13,93284829,13,27.606
Ha412HOChr15,184784391,15,0.745
Ha412HOChr17,26129189,17,48.04
Ha412HOChr08,96207496,8,56.342
Ha412HOChr10,184379571,10,71.884
Ha412HOChr01,73364510,1,18.176
Ha412HOChr16,1166348,16,1.329
Ha412HOChr12,1591182,12,36.34
Ha412HOChr03,143477696,3,44.871
Ha412HOChr02,92099817,2,21.147
Ha412HOChr10,69530071,10,43.867
Ha412HOChr10,15116483,10,31.307
Ha412HOChr15,155229218,15,2.977
Ha412HOChr01,61562067,1,18.176
Ha412HOChr10,16840282,1,18.176
Ha412HOChr01,134398619,1,16.224
Ha412HOChr01,65788693,1,18.176
Ha412HOChr10,166038292,10,53.678
Ha412HOChr05,70415521,5,33.889
Ha412HOChr10,175293185,10,58.198
Ha412HOChr13,118376572,13,38.24
Ha412HOChr10,1237746,10,0
Ha412HOChr10,1238639,10,0
Ha412HOChr05,107265739,5,34.638
Ha412HOChr01,134975002,1,16.224
Ha412HOChr10,113966919,10,43.867
Ha412HOChr08,60165817,8,42.713
Ha412HOChr13,161052308,13,49.411
Ha412HOChr04,212235187,4,67.491
Ha412HOChr16,197880256,16,68.298
Ha412HOChr11,172917555,11,69.826
Ha412HOChr14,142230102,14,20.07
Ha412HOChr15,113933251,15,12.944
Ha412HOChr16,125339374,16,45.874
Ha412HOChr17,39236408,17,51.789
Ha412HOChr05,167038383,5,44.459
Ha412HOChr04,212259658,4,67.491
Ha412HOChr08,37047424,8,41.362
Ha412HOChr04,1199426,4,0.374
Ha412HOChr13,123157174,13,39.765
Ha412HOChr12,34360270,12,19.099
Ha412HOChr16,127883666,16,45.735
Ha412HOChr05,12670485,5,26.972
Ha412HOChr17,145010318,17,57.968
Ha412HOChr08,43738027,8,42.334
Ha412HOChr10,10608771,10,20.696
Ha412HOChr05,52413639,5,33.889
Ha412HOChr10,32274428,10,41.986
Ha412HOChr05,112705630,5,35.755
Ha412HOChr12,55969792,12,12.494
Ha412HOChr01,75948160,1,18.176
Ha412HOChr07,145230593,7,22.677
Ha412HOChr17,95668116,17,56.484
Ha412HOChr09,171733400,9,54.938
Ha412HOChr12,1560524,12,36.34
Ha412HOChr02,90432171,2,21.167
Ha412HOChr17,132240669,17,57.562
Ha412HOChr07,38910829,7,7.567
Ha412HOChr11,31645434,11,49.776
Ha412HOChr15,31861902,15,36.696
Ha412HOChr14,174155835,14,37.818
Ha412HOChr02,60026496,2,22.28
Ha412HOChr09,883684,9,0.67
Ha412HOChr10,81008049,10,43.867
Ha412HOChr07,149184548,7,28.711
Ha412HOChr10,119659842,10,44.236
Ha412HOChr13,152995149,13,47.552
Ha412HOChr15,5476559,15,67.309
Ha412HOChr13,30193109,13,0.432
Ha412HOChr14,135466368,14,15.116
Ha412HOChr08,20558132,8,31.941
Ha412HOChr15,12969882,15,43.747
Ha412HOChr02,79322159,2,21.37
Ha412HOChr03,179677940,3,86.475
Ha412HOChr03,179677373,3,86.475
Ha412HOChr01,38033571,1,18.176
Ha412HOChr01,132674500,1,17.03
Ha412HOChr17,122376006,17,57.562
Ha412HOChr10,171414741,10,55.49
Ha412HOChr08,57991071,8,42.713
Ha412HOChr17,65659556,17,55.959
Ha412HOChr01,134213560,1,16.475
Ha412HOChr03,158441992,3,49.759
Ha412HOChr10,44128059,10,43.49
Ha412HOChr02,102387536,2,21.147
Ha412HOChr16,22764359,16,42.075
Ha412HOChr11,489398,11,0
Ha412HOChr17,145408338,17,57.968
Ha412HOChr05,11818155,5,25.918
Ha412HOChr02,184343062,2,73.923
Ha412HOChr09,123532857,9,31.501
Ha412HOChr04,38663293,4,39.316
Ha412HOChr06,13706196,6,30.581
Ha412HOChr05,168452979,5,44.459
Ha412HOChr13,133750957,13,43.232
Ha412HOChr08,83553512,8,47.107
Ha412HOChr13,135737829,13,43.232
Ha412HOChr02,105671835,13,45.707
Ha412HOChr02,96459034,2,21.147
Ha412HOChr17,199487180,17,88.976
Ha412HOChr04,214165195,4,77.453
Ha412HOChr03,164241741,3,52.114
Ha412HOChr16,48291877,16,46.582
Ha412HOChr16,205060290,16,73.129
Ha412HOChr13,165618344,13,50.516
Ha412HOChr01,59359635,1,18.176
Ha412HOChr06,17714800,6,34.933
Ha412HOChr14,25804505,14,2.748
Ha412HOChr01,139899351,1,25.113
Ha412HOChr03,108703018,3,37.293
Ha412HOChr01,97244505,1,18.176
Ha412HOChr17,94944662,17,56.484
Ha412HOChr15,184784998,15,0.745
Ha412HOChr05,99226815,5,34.638
Ha412HOChr14,15162108,14,2.334
Ha412HOChr10,127886948,10,44.236
Ha412HOChr10,177598639,10,61.504
Ha412HOChr01,3482817,1,10.48
Ha412HOChr15,121783935,15,8.399
Ha412HOChr10,116821489,10,43.867
Ha412HOChr13,127346707,13,41.627
Ha412HOChr15,185507388,15,0
Ha412HOChr06,38163376,6,47.122
Ha412HOChr15,594561,15,80.269
Ha412HOChr12,39500367,12,15.843
Ha412HOChr12,39488296,12,15.843
Ha412HOChr10,21176469,10,35.654
Ha412HOChr02,158258766,2,30.266
Ha412HOChr01,151462517,1,55.287
Ha412HOChr02,92169186,2,21.261
Ha412HOChr06,51465884,6,54.47
Ha412HOChr15,5477810,15,67.309
Ha412HOChr15,5477091,15,67.309
Ha412HOChr15,156723382,15,2.977
Ha412HOChr05,44330524,5,33.889
Ha412HOChr13,131741102,13,42.905
Ha412HOChr10,115209331,10,43.867
Ha412HOChr10,181168406,10,67.167
Ha412HOChr16,31500526,16,47.567
Ha412HOChr10,40638664,10,43.49
Ha412HOChr07,106169392,7,9.088
Ha412HOChr05,60886089,5,33.889
Ha412HOChr09,196820783,9,86.502
Ha412HOChr08,78477264,8,45.512
Ha412HOChr15,114236210,15,12.944
Ha412HOChr14,170545227,14,33.974
Ha412HOChr03,151918820,3,46.004
Ha412HOChr04,213327717,4,70.553
Ha412HOChr01,136524477,1,16.224
Ha412HOChr17,150542835,17,57.968
Ha412HOChr09,136902254,9,40.094
Ha412HOChr09,155781538,9,51.873
Ha412HOChr17,146922914,17,57.968
Ha412HOChr01,101779259,1,18.176
Ha412HOChr08,176159175,8,62.968
Ha412HOChr06,68106177,6,56.894
Ha412HOChr03,176639865,3,74.927
Ha412HOChr03,168564927,3,54.454
Ha412HOChr01,94741051,1,18.176
Ha412HOChr08,37542448,8,41.362
Ha412HOChr02,183827707,2,73.359
Ha412HOChr12,29592718,12,20.211
Ha412HOChr16,188544622,16,58.384
Ha412HOChr01,29353603,1,18.176
Ha412HOChr10,173631007,10,56.245
Ha412HOChr12,20141546,12,22.79
Ha412HOChr07,136035606,7,14.764
Ha412HOChr14,1754908,14,0
Ha412HOChr10,79183265,10,43.867
Ha412HOChr16,190721052,16,59.989
Ha412HOChr09,178207107,9,56.393
Ha412HOChr05,168449627,5,44.459
Ha412HOChr04,8453903,4,19.992
Ha412HOChr16,7447073,16,12.184
Ha412HOChr16,71238576,16,46.76
Ha412HOChr05,104313743,5,34.578
Ha412HOChr10,7343227,10,14.41
Ha412HOChr10,7343627,10,14.41
Ha412HOChr11,28558857,11,48.666
Ha412HOChr03,130315087,3,40.733
Ha412HOChr13,103846597,13,35.938
Ha412HOChr10,176969480,10,59.936
Ha412HOChr09,124237919,9,31.501
Ha412HOChr09,3631425,9,1.864
Ha412HOChr04,213864468,4,74.857
Ha412HOChr01,71054550,1,18.176
Ha412HOChr05,173156600,5,44.459
Ha412HOChr13,151256342,13,46.823
Ha412HOChr01,43624110,1,18.176
Ha412HOChr03,144749959,3,44.871
Ha412HOChr03,144750846,3,44.871
Ha412HOChr05,159402019,5,44.459
Ha412HOChr17,123398821,17,57.562
Ha412HOChr14,177660462,14,46.359
Ha412HOChr02,165490679,2,34.935
Ha412HOChr07,143646706,7,21.906
Ha412HOChr10,99308793,10,43.867
Ha412HOChr10,170655700,10,55.103
Ha412HOChr01,35447236,1,18.176
Ha412HOChr02,43861577,2,23.328
Ha412HOChr08,58239085,8,42.713
Ha412HOChr02,95848817,2,21.147
Ha412HOChr04,213328837,4,70.553
Ha412HOChr01,79134261,1,18.176
Ha412HOChr17,169432394,17,62.104
Ha412HOChr05,52105465,5,33.889
Ha412HOChr07,149286065,7,28.711
Ha412HOChr10,175271531,10,58.198
Ha412HOChr09,183395599,9,58.988
Ha412HOChr05,166379721,5,44.459
Ha412HOChr08,174860415,8,62.968
Ha412HOChr05,57093145,5,33.889
Ha412HOChr13,11390411,13,0.432
Ha412HOChr03,140394773,3,42.984
Ha412HOChr05,35087481,5,33.889
Ha412HOChr08,89046085,8,53.4
Ha412HOChr02,121629531,2,20.978
Ha412HOChr01,38877799,1,18.176
Ha412HOChr01,38877260,1,18.176
Ha412HOChr17,25673002,17,48.04
Ha412HOChr16,37057497,16,47.567
Ha412HOChr13,129712699,13,42.146
Ha412HOChr11,57697259,11,56.086
Ha412HOChr14,156764863,14,26.313
Ha412HOChr06,7669120,6,15.671
Ha412HOChr12,1833148,12,36.34
Ha412HOChr07,133285963,7,13.284
Ha412HOChr13,148960407,13,45.707
Ha412HOChr15,24471137,15,37.005
Ha412HOChr01,12596469,1,18.176
Ha412HOChr07,67445592,7,7.94
Ha412HOChr14,142718415,14,20.455
Ha412HOChr13,116166656,13,38.24
Ha412HOChr08,126975051,8,62.398
Ha412HOChr11,42569060,11,52.268
Ha412HOChr01,5557295,1,11.142
Ha412HOChr13,120317715,13,39.384
Ha412HOChr01,13490846,1,18.176
Ha412HOChr16,143252057,16,44.744
Ha412HOChr09,183399304,9,58.988
Ha412HOChr13,79766781,13,5.026
Ha412HOChr05,155917613,5,44.459
Ha412HOChr01,798516,1,0
Ha412HOChr13,113994957,13,38.24
Ha412HOChr10,845861,10,0
Ha412HOChr14,25802070,14,2.748
Ha412HOChr15,34919658,15,34.624
Ha412HOChr10,46192380,10,43.49
Ha412HOChr12,44127395,12,13.259
Ha412HOChr12,44127102,12,13.259
Ha412HOChr06,48991583,6,54.47
Ha412HOChr10,152385657,10,49.108
Ha412HOChr13,46309743,13,0.432
Ha412HOChr13,34206797,13,0.432
Ha412HOChr05,92778740,5,33.889
Ha412HOChr10,99306802,10,43.867
Ha412HOChr13,4649287,13,0
Ha412HOChr01,119581209,1,17.886
Ha412HOChr09,171544099,9,54.938
Ha412HOChr10,171435316,10,55.49
Ha412HOChr13,78818713,13,3.918
Ha412HOChr01,149611114,1,43.803
Ha412HOChr10,80927517,10,43.867
Ha412HOChr08,26764072,8,36.834
Ha412HOChr09,115035361,9,29.007
Ha412HOChr10,163572278,10,52.351
Ha412HOChr15,117250886,15,10.719
Ha412HOChr10,99481457,10,43.867
Ha412HOChr09,26868576,9,22.919
Ha412HOChr08,74311672,8,44.398
Ha412HOChr01,100020158,1,18.176
Ha412HOChr13,138599741,13,43.926
Ha412HOChr11,11711857,11,33.668
Ha412HOChr14,11909241,14,1.086
Ha412HOChr05,53247957,5,33.889
Ha412HOChr01,2076169,1,3.306
Ha412HOChr13,9452379,13,0.432
Ha412HOChr13,127455957,13,41.627
Ha412HOChr01,137814402,1,21.382
Ha412HOChr01,137813202,1,21.382
Ha412HOChr09,144332550,9,44.993
Ha412HOChr14,140737060,14,18.922
Ha412HOChr10,34726186,10,43.114
Ha412HOChr12,35193957,12,17.712
Ha412HOChr01,22701835,1,18.176
Ha412HOChr05,57098769,5,33.889
Ha412HOChr07,155365421,7,54.794
Ha412HOChr01,94319704,1,18.176
Ha412HOChr14,114829765,14,7.765
Ha412HOChr08,82263285,8,46.34
Ha412HOChr17,10536501,17,28.316
Ha412HOChr09,171374233,9,54.938
Ha412HOChr09,165164065,9,52.654
Ha412HOChr17,41901284,17,52.164
Ha412HOChr07,153254910,7,39.093
Ha412HOChr15,1907625,15,79.153
Ha412HOChr05,3592959,5,5.041
Ha412HOChr03,145924418,3,44.871
Ha412HOChr09,153121161,9,51.48
Ha412HOChr14,126270619,14,12.053
Ha412HOChr16,131897504,16,45.439
Ha412HOChr01,113717020,1,18.176
Ha412HOChr13,117042229,13,38.24
Ha412HOChr10,148456334,10,47.245
Ha412HOChr10,148455914,10,47.245
Ha412HOChr10,150303947,10,48.356
Ha412HOChr12,17794432,12,24.661
Ha412HOChr14,88673834,14,4.12
Ha412HOChr06,45695493,6,51.753
Ha412HOChr09,143670040,9,44.602
Ha412HOChr02,183827179,2,73.359
Ha412HOChr15,162809100,15,2.977
Ha412HOChr13,163876395,13,49.772
Ha412HOChr17,10522100,17,28.316
Ha412HOChr09,194692610,9,79.293
Ha412HOChr03,155157289,3,48.284
Ha412HOChr15,33837081,15,35.263
Ha412HOChr03,1506067,3,0
Ha412HOChr17,48693830,17,54.156
Ha412HOChr03,149661367,3,46.004
Ha412HOChr09,155748364,9,51.873
Ha412HOChr05,155911116,5,44.459
Ha412HOChr12,38385978,12,16.217
Ha412HOChr08,92430246,8,55.671
Ha412HOChr01,51512938,1,18.176
Ha412HOChr06,91068840,6,58.539
Ha412HOChr15,111344432,15,15.224
Ha412HOChr07,1629682,7,0.388
Ha412HOChr06,21453938,6,39.448
Ha412HOChr07,141811149,7,19.852
Ha412HOChr07,19568692,7,6.904
Ha412HOChr04,660877,4,0
Ha412HOChr01,101312129,1,18.176
Ha412HOChr17,150551051,17,57.968
Ha412HOChr09,189318555,9,65.474
Ha412HOChr17,201380063,17,92.105
Ha412HOChr05,180692568,5,62.98
Ha412HOChr01,139801975,1,24.737
Ha412HOChr13,4994378,13,0
Ha412HOChr12,25474227,12,21.324
Ha412HOChr09,192849254,9,73.71
Ha412HOChr03,19751127,3,29.062
Ha412HOChr15,3618209,15,73.801
Ha412HOChr07,160537368,7,66.089
Ha412HOChr06,87586218,6,58.162
Ha412HOChr15,23572160,15,37.374
Ha412HOChr02,136319879,2,20.544
Ha412HOChr02,113176322,2,21.147
Ha412HOChr03,177374596,3,77.634
Ha412HOChr03,27412336,3,31.031
Ha412HOChr01,133371198,1,16.759
Ha412HOChr15,149196365,15,2.977
Ha412HOChr05,129808095,5,40.645
Ha412HOChr11,52242981,11,55.168
Ha412HOChr16,215797055,16,94.406
Ha412HOChr03,173327252,3,63.726
Ha412HOChr15,181053775,15,2.977
Ha412HOChr02,24329163,2,24.385
Ha412HOChr16,3192825,16,4.059
Ha412HOChr04,216517387,4,90.932
Ha412HOChr11,878433,11,0.366
Ha412HOChr17,201982316,17,92.767
Ha412HOChr01,81270177,1,18.176
Ha412HOChr14,116961122,14,8.83
Ha412HOChr02,25215386,2,24.385
Ha412HOChr03,166946015,3,53.662
Ha412HOChr10,23740719,10,38.018
Ha412HOChr01,77384177,1,18.176
Ha412HOChr01,72740585,1,18.176
Ha412HOChr05,158365990,5,44.459
Ha412HOChr03,175860630,3,71.595
Ha412HOChr08,13238407,8,23.538
Ha412HOChr08,174674583,8,62.968
Ha412HOChr06,65217235,6,56.565
Ha412HOChr10,152553051,10,49.412
Ha412HOChr08,143998102,8,62.398
Ha412HOChr10,166038799,10,53.678
Ha412HOChr12,34785178,12,17.712
Ha412HOChr15,119129801,15,10.792
Ha412HOChr17,117930225,17,57.562
Ha412HOChr01,126139326,1,17.597
Ha412HOChr03,165107733,3,52.114
Ha412HOChr04,6470708,4,17.52
Ha412HOChr05,130729826,5,41.395
Ha412HOChr08,8936065,8,16.975
Ha412HOChr16,81058054,16,46.273
Ha412HOChr02,147005325,2,22.93
Ha412HOChr02,147004773,2,22.93
Ha412HOChr01,132639342,1,17.03
Ha412HOChr03,143478211,3,44.871
Ha412HOChr07,2281521,7,0.388
Ha412HOChr13,160478813,13,49.411
Ha412HOChr10,180301062,10,65.565
Ha412HOChr05,76888701,5,33.889
Ha412HOChr02,79488542,2,21.37
Ha412HOChr14,187541677,14,78.557
Ha412HOChr17,25622377,17,48.04
Ha412HOChr10,1423937,10,0.383
Ha412HOChr08,74311187,8,44.398
Ha412HOChr06,11746345,6,25.333
Ha412HOChr05,70415527,5,33.889
Ha412HOChr17,171429673,17,62.104
Ha412HOChr03,120616733,3,38.097
Ha412HOChr16,208230116,16,78.726
Ha412HOChr17,5248589,17,12.348
Ha412HOChr15,114235538,15,12.944
Ha412HOChr03,141575164,3,42.984
Ha412HOChr08,174750737,8,62.968
Ha412HOChr08,6142864,8,9.118
Ha412HOChr05,80734550,5,33.889
Ha412HOChr01,108326096,1,18.176
Ha412HOChr05,149735320,5,44.459
Ha412HOChr09,165426645,9,52.654
Ha412HOChr01,126816214,1,17.597
Ha412HOChr09,196606319,9,85.385
Ha412HOChr09,183286054,9,58.988
Ha412HOChr10,150358877,10,48.356
Ha412HOChr06,18774473,6,36.733
Ha412HOChr10,93592485,10,43.867
Ha412HOChr17,52610279,17,54.866
Ha412HOChr15,156722892,15,2.977
Ha412HOChr13,175344973,13,69.451
Ha412HOChr06,13703852,6,30.164
Ha412HOChr12,23872271,12,22.071
Ha412HOChr02,107732703,2,21.147
Ha412HOChr03,156197657,3,48.238
Ha412HOChr08,100716339,8,57.919
Ha412HOChr08,25027187,8,35.481
Ha412HOChr08,91378426,8,55.281
Ha412HOChr16,15972197,16,33.96
Ha412HOChr08,32914428,8,40.611
Ha412HOChr11,39103699,11,50.879
Ha412HOChr10,163589528,10,52.351
Ha412HOChr14,134090093,14,14.767
Ha412HOChr01,98737974,1,18.176
Ha412HOChr15,34473026,15,34.624
Ha412HOChr08,84206748,8,47.501
Ha412HOChr16,163940925,16,52.828
Ha412HOChr10,123204931,10,44.236
Ha412HOChr13,115572297,13,38.24
Ha412HOChr02,158828565,2,30.266
Ha412HOChr16,127333929,16,45.735
Ha412HOChr16,209068326,16,80.032
Ha412HOChr01,156690010,1,70.132
Ha412HOChr09,33577646,9,23.723
Ha412HOChr10,145253837,10,46.863
Ha412HOChr17,95670128,17,56.484
Ha412HOChr01,68073668,1,18.176
Ha412HOChr09,180703733,9,57.88
Ha412HOChr12,39779193,12,15.843
Ha412HOChr05,185900727,5,88.867
Ha412HOChr06,13205766,6,29.758
Ha412HOChr17,159180497,17,59.496
Ha412HOChr17,95669574,17,56.484
Ha412HOChr12,21710605,12,22.071
Ha412HOChr02,101921194,2,21.147
Ha412HOChr04,215184080,4,79.73
Ha412HOChr04,215182814,4,79.73
Ha412HOChr02,111764519,2,21.147
Ha412HOChr17,1565821,17,1.107
Ha412HOChr10,181534234,10,67.969
Ha412HOChr13,129711075,13,42.146
Ha412HOChr10,188903163,10,84.79
Ha412HOChr13,131890513,13,42.905
Ha412HOChr11,174277909,11,70.109
Ha412HOChr09,122463609,9,31.501
Ha412HOChr12,35021442,12,17.712
Ha412HOChr17,20948334,17,45.72
Ha412HOChr14,179793375,14,53.201
Ha412HOChr17,150802279,17,57.968
Ha412HOChr05,21423680,5,33.107
Ha412HOChr03,141023438,3,42.984
Ha412HOChr03,162720650,3,50.944
Ha412HOChr12,12300656,12,31.817
Ha412HOChr01,130042301,1,17.312
Ha412HOChr11,188059406,11,88.373
Ha412HOChr12,5294803,12,45.791
Ha412HOChr05,147931011,5,44.459
Ha412HOChr05,181301881,5,67.548
Ha412HOChr11,41464247,11,52.268
Ha412HOChr10,162751585,10,52.056
Ha412HOChr17,19603504,17,45.72
Ha412HOChr13,175234547,13,69.451
Ha412HOChr14,141658060,14,20.07
Ha412HOChr14,158523288,14,26.977
Ha412HOChr10,32823401,10,42.363
Ha412HOChr10,112784683,10,43.862
Ha412HOChr10,79095909,10,43.867
Ha412HOChr13,107541707,13,37.473
Ha412HOChr15,112374522,15,14.531
Ha412HOChr09,141679374,9,43.788
Ha412HOChr17,156531866,17,59.496
Ha412HOChr10,151468439,10,48.356
Ha412HOChr11,11700117,11,33.668
Ha412HOChr06,45303180,6,51.389
Ha412HOChr05,105482897,5,34.638
Ha412HOChr12,30183552,12,19.84
Ha412HOChr13,137896798,13,43.232
Ha412HOChr10,153046461,10,49.801
Ha412HOChr07,149185584,7,28.711
Ha412HOChr15,3943499,15,71.105
Ha412HOChr07,27850172,7,6.904
Ha412HOChr15,112860091,15,14.531
Ha412HOChr15,156064511,15,2.977
Ha412HOChr10,100286770,10,43.867
Ha412HOChr16,77054277,16,46.76
Ha412HOChr17,3387364,17,5.459
Ha412HOChr02,27318794,2,24.517
Ha412HOChr05,38771369,5,33.889
Ha412HOChr02,159051911,2,30.266
Ha412HOChr01,21122948,1,18.176
Ha412HOChr11,57893822,11,56.086
Ha412HOChr14,161269733,14,28.674
Ha412HOChr14,14848464,14,1.56
Ha412HOChr09,46821616,9,25.202
Ha412HOChr10,141924007,10,46.081
Ha412HOChr16,125340027,16,45.874
Ha412HOChr13,130144252,13,42.146
Ha412HOChr14,126474731,14,12.983
Ha412HOChr03,156196795,3,48.238
Ha412HOChr07,14953594,7,6.904
Ha412HOChr17,131673838,17,57.562
Ha412HOChr14,5979292,14,0
Ha412HOChr11,11435810,11,33.232
Ha412HOChr07,31196091,7,7.567
Ha412HOChr16,35896945,16,47.567
Ha412HOChr16,19292067,16,37.605
Ha412HOChr10,148456825,10,47.245
Ha412HOChr03,141954808,3,44.115
Ha412HOChr10,169123735,10,54.736
Ha412HOChr16,56138429,16,46.691
Ha412HOChr17,66875398,17,55.959
Ha412HOChr13,38723323,13,0.432
Ha412HOChr16,192646230,16,62.78
Ha412HOChr05,115916207,5,36.498
Ha412HOChr01,117096867,1,18.176
Ha412HOChr01,117096256,1,18.176
Ha412HOChr12,38385385,12,16.217
Ha412HOChr10,142315107,10,46.109
Ha412HOChr01,146683557,3,82.177
Ha412HOChr12,41044154,12,15.469
Ha412HOChr12,41051569,12,15.469
Ha412HOChr05,105373056,5,34.638
Ha412HOChr10,89790350,10,43.867
Ha412HOChr09,144323673,9,44.993
Ha412HOChr01,61560898,1,18.176
Ha412HOChr10,93331772,10,43.867
Ha412HOChr06,11455831,6,25.333
Ha412HOChr08,79142526,8,45.512
Ha412HOChr10,10558541,10,20.696
Ha412HOChr16,213996097,16,90.811
Ha412HOChr08,16818361,8,29.182
Ha412HOChr13,84525560,13,8.448
Ha412HOChr17,20835222,17,45.72
Ha412HOChr09,47352514,9,25.567
Ha412HOChr08,9182855,8,18.166
Ha412HOChr04,215195078,4,80.117
Ha412HOChr01,33185361,1,18.176
Ha412HOChr01,33185939,1,18.176
Ha412HOChr17,155604217,17,59.131
Ha412HOChr10,133988903,10,44.973
Ha412HOChr10,163566883,10,52.056
Ha412HOChr12,420516,12,34.632
Ha412HOChr05,91171865,5,33.889
Ha412HOChr02,74819716,2,21.395
Ha412HOChr15,181063943,15,2.977
Ha412HOChr14,187790610,14,78.557
Ha412HOChr01,2178911,1,4.123
Ha412HOChr09,179983117,9,57.134
Ha412HOChr10,175662923,10,58.74
Ha412HOChr05,109925720,5,34.638
Ha412HOChr01,35796248,1,18.176
Ha412HOChr10,150303335,10,48.356
Ha412HOChr14,185770191,14,75.974
Ha412HOChr05,151073708,5,44.459
Ha412HOChr08,133134613,8,62.398
Ha412HOChr16,129906296,16,45.439
Ha412HOChr16,29244154,2,21.935
Ha412HOChr17,124572721,17,57.562
Ha412HOChr13,75129131,13,2.408
Ha412HOChr01,114341756,1,18.176
Ha412HOChr11,177704447,11,72.612
Ha412HOChr09,189185533,9,65.474
Ha412HOChr08,21664993,8,32.339
Ha412HOChr12,40892898,12,15.469
Ha412HOChr05,186200314,5,90.703
Ha412HOChr14,27845978,14,2.687
Ha412HOChr16,12563558,16,28.768
Ha412HOChr11,57670621,11,56.086
Ha412HOChr04,217126396,4,91.739
Ha412HOChr05,179865847,5,56.664
Ha412HOChr11,54544187,11,55.524
Ha412HOChr11,54543333,11,55.524
Ha412HOChr03,173325794,3,63.726
Ha412HOChr03,173902937,3,64.52
Ha412HOChr03,173902530,3,64.52
Ha412HOChr14,184465491,14,68.994
Ha412HOChr10,57487226,10,43.867
Ha412HOChr17,150352459,17,57.968
Ha412HOChr06,31470509,6,44.878
Ha412HOChr10,24922855,10,39.563
Ha412HOChr03,108703922,3,37.293
Ha412HOChr05,180556736,5,61.887
Ha412HOChr05,156274457,5,44.459
Ha412HOChr15,149751592,15,2.977
Ha412HOChr06,47905500,6,53.74
Ha412HOChr10,79095602,10,43.867
Ha412HOChr09,182332832,9,57.88
Ha412HOChr13,147047028,13,45.707
Ha412HOChr16,196160415,16,66.479
Ha412HOChr06,123909713,6,58.539
Ha412HOChr03,158440543,3,49.759
Ha412HOChr01,119257781,1,17.886
Ha412HOChr06,25903260,6,41.089
Ha412HOChr11,6964464,11,18.715
Ha412HOChr04,9706364,4,19.992
Ha412HOChr11,38640558,11,50.879
Ha412HOChr12,12191814,12,32.578
Ha412HOChr08,1622528,8,0
Ha412HOChr01,131720500,1,17.03
Ha412HOChr17,156048899,17,59.131
Ha412HOChr12,30650066,12,19.469
Ha412HOChr07,19570044,7,6.904
Ha412HOChr03,169209279,3,55.243
Ha412HOChr16,117346806,16,46.111
Ha412HOChr03,176620381,3,74.927
Ha412HOChr14,184603120,14,69.77
Ha412HOChr03,142154229,3,44.495
Ha412HOChr17,15478898,17,37.974
Ha412HOChr09,179083508,9,57.134
Ha412HOChr17,103891130,17,57.562
Ha412HOChr16,113971172,16,46.111
Ha412HOChr08,131893942,8,62.398
Ha412HOChr11,39705390,11,50.879
Ha412HOChr01,134299940,1,16.475
Ha412HOChr05,133493050,5,43.307
Ha412HOChr02,141049987,2,20.544
Ha412HOChr07,139203281,7,15.873
Ha412HOChr15,127437862,15,5.978
Ha412HOChr01,22260604,1,18.176
Ha412HOChr10,170138553,10,55.103
Ha412HOChr05,56794436,5,33.889
Ha412HOChr01,130042791,1,17.312
Ha412HOChr12,55261134,12,12.494
Ha412HOChr08,58593420,8,42.713
Ha412HOChr02,50210544,2,22.515
Ha412HOChr09,189879034,9,65.873
Ha412HOChr11,140054431,11,59.235
Ha412HOChr17,160384524,17,60.344
Ha412HOChr05,138801884,5,43.307
Ha412HOChr13,85773150,13,10.002
Ha412HOChr13,136092546,10,43.867
Ha412HOChr15,114230429,15,12.944
Ha412HOChr07,141035428,7,18.285
Ha412HOChr15,143543663,15,3.714
Ha412HOChr09,189727349,9,65.873
Ha412HOChr09,135523226,9,38.787
Ha412HOChr16,35322720,16,47.567
Ha412HOChr15,121403397,15,8.399
Ha412HOChr13,127214695,13,41.627
Ha412HOChr01,125685523,1,17.597
Ha412HOChr17,1842719,17,1.107
Ha412HOChr03,164225032,3,52.114
Ha412HOChr17,39166431,17,51.789
Ha412HOChr10,866316,10,0
Ha412HOChr10,140075928,10,46.109
Ha412HOChr09,135519605,9,38.787
Ha412HOChr10,73315440,10,43.867
Ha412HOChr10,73315679,10,43.867
Ha412HOChr10,18926548,10,33.669
Ha412HOChr12,114008275,17,47.698
Ha412HOChr01,73061537,1,18.176
Ha412HOChr13,53089202,13,0.235
Ha412HOChr01,115688791,1,18.176
Ha412HOChr16,142471667,16,44.689
Ha412HOChr03,154948665,3,48.238
Ha412HOChr17,177320939,17,63.585
Ha412HOChr10,17825483,10,32.513
Ha412HOChr01,53154594,1,18.176
Ha412HOChr10,40029016,10,43.49
Ha412HOChr13,102808222,13,35.938
Ha412HOChr01,157387677,1,72.722
Ha412HOChr10,164139435,10,52.926
Ha412HOChr17,52911207,17,54.866
Ha412HOChr01,82518427,1,18.176
Ha412HOChr09,135610195,9,39.182
Ha412HOChr01,94595354,1,18.176
Ha412HOChr08,95930041,8,56.342
Ha412HOChr01,23333136,1,18.176
Ha412HOChr02,60025897,2,22.28
Ha412HOChr13,159136492,13,48.296
Ha412HOChr01,118311519,1,17.886
Ha412HOChr12,34522972,12,18.027
Ha412HOChr17,48610688,17,54.156
Ha412HOChr13,123644183,13,40.538
Ha412HOChr06,12242147,6,25.333
Ha412HOChr10,113966284,10,43.867
Ha412HOChr09,57884127,9,25.944
Ha412HOChr10,1374275,10,0.358
Ha412HOChr01,132305538,1,17.03
Ha412HOChr12,18710470,12,23.909
Ha412HOChr16,131898079,16,45.439
Ha412HOChr14,156714796,14,26.313
Ha412HOChr10,127268106,10,44.236
Ha412HOChr10,20223056,10,34.384
Ha412HOChr17,31391777,17,49.247
Ha412HOChr14,142715261,14,20.455
Ha412HOChr17,2473116,17,2.588
Ha412HOChr14,168208897,14,32.156
Ha412HOChr04,16534554,4,28.553
Ha412HOChr01,126049743,1,17.597
Ha412HOChr09,20282458,9,22.023
Ha412HOChr07,141361287,7,19.118
Ha412HOChr01,121496272,1,17.597
Ha412HOChr05,12668448,5,26.972
Ha412HOChr09,128081753,9,33.765
Ha412HOChr15,55200252,15,29.93
Ha412HOChr01,107969670,1,18.176
Ha412HOChr06,8983519,6,20.403
Ha412HOChr01,64030817,1,18.176
Ha412HOChr11,6963846,11,18.715
Ha412HOChr13,94039940,13,28.839
Ha412HOChr15,34249945,15,34.967
Ha412HOChr09,131025109,9,35.702
Ha412HOChr01,138501061,1,22.846
Ha412HOChr01,137397921,1,15.774
Ha412HOChr01,137397762,1,15.774
Ha412HOChr05,81415261,5,33.889
Ha412HOChr08,91084963,8,54.508
Ha412HOChr03,7478111,3,15.397
Ha412HOChr05,164424461,5,44.459
Ha412HOChr08,2408795,8,3.444
Ha412HOChr01,65209750,1,18.176
Ha412HOChr16,52404887,16,46.582
Ha412HOChr16,206704331,16,76.913
Ha412HOChr10,190340846,10,94.481
Ha412HOChr10,142572459,10,46.109
Ha412HOChr17,15620765,17,39.428
Ha412HOChr15,162805951,15,2.977
Ha412HOChr10,49720479,10,43.867
Ha412HOChr05,131095771,5,41.779
Ha412HOChr02,123026244,2,20.978
Ha412HOChr01,59359052,1,18.176
Ha412HOChr10,166958549,10,54.054
Ha412HOChr10,181821539,10,67.969
Ha412HOChr05,82437874,5,33.889
Ha412HOChr01,143093439,1,28.988
Ha412HOChr13,9326837,13,0.432
Ha412HOChr16,1307633,16,1.329
Ha412HOChr15,185699740,15,0
Ha412HOChr01,52721919,1,18.176
Ha412HOChr03,19830766,3,29.062
Ha412HOChr10,33199602,10,42.742
Ha412HOChr16,146569298,16,50.06
Ha412HOChr10,150325190,10,48.356
Ha412HOChr03,141659030,3,42.984
Ha412HOChr01,52722564,1,18.176
Ha412HOChr03,9423807,3,18.319
Ha412HOChr07,143208142,7,21.002
Ha412HOChr12,17860526,12,24.284
Ha412HOChr16,113971184,16,46.111
Ha412HOChr15,185599996,15,0
Ha412HOChr10,141156095,10,46.109
Ha412HOChr15,109815592,15,17.022
Ha412HOChr04,6472350,4,17.52
Ha412HOChr06,24961284,6,40.126
Ha412HOChr15,113267483,15,14.432
Ha412HOChr14,185225016,14,72.423
Ha412HOChr08,19925555,8,31.941
Ha412HOChr10,166005652,10,53.678
Ha412HOChr07,155955567,7,55.558
Ha412HOChr01,34444480,1,18.176
Ha412HOChr01,34444961,1,18.176
Ha412HOChr15,109219134,15,16.765
Ha412HOChr04,105405723,4,44.389
Ha412HOChr01,56562535,1,18.176
Ha412HOChr05,159253861,5,44.459
Ha412HOChr16,48581930,16,46.582
Ha412HOChr13,70969797,13,2.033
Ha412HOChr03,165733709,3,52.876
Ha412HOChr13,9814474,13,0.432
Ha412HOChr01,140124402,1,25.113
Ha412HOChr10,19103848,10,33.669
Ha412HOChr13,55977116,13,0.721
Ha412HOChr12,55663407,12,12.494
Ha412HOChr01,38884159,1,18.176
Ha412HOChr06,47087958,6,52.116
Ha412HOChr13,15447939,13,0.432
Ha412HOChr02,134692655,2,20.683
Ha412HOChr05,154759340,5,44.459
Ha412HOChr01,21950692,1,18.176
Ha412HOChr10,106554856,10,43.867
Ha412HOChr13,88370461,13,18.349
Ha412HOChr04,31491394,4,37.912
Ha412HOChr10,58477302,10,43.867
Ha412HOChr16,68913114,16,46.76
Ha412HOChr17,23008572,17,46.121
Ha412HOChr01,31100491,1,18.188
Ha412HOChr14,178572579,14,50.474
Ha412HOChr08,46612018,8,42.334
Ha412HOChr12,20609027,12,22.445
Ha412HOChr05,177394286,5,44.459
Ha412HOChr07,128998997,7,11.21
Ha412HOChr10,59484483,10,43.867
Ha412HOChr16,54902259,16,46.582
Ha412HOChr01,53155206,1,18.176
Ha412HOChr06,46764770,6,52.116
Ha412HOChr03,124713487,3,39.593
Ha412HOChr02,60839514,2,22.156
Ha412HOChr13,94009348,13,28.839
Ha412HOChr02,98223766,2,21.147
Ha412HOChr13,78692097,13,3.918
Ha412HOChr11,36324855,11,50.129
Ha412HOChr03,18509999,3,26.735
Ha412HOChr09,183285474,9,58.988
Ha412HOChr07,131104731,7,11.588
Ha412HOChr17,25917134,17,48.04
Ha412HOChr15,185733778,15,0
Ha412HOChr05,186200974,5,90.703
Ha412HOChr09,171557900,9,54.938
Ha412HOChr17,176748421,17,63.585
Ha412HOChr17,176748139,17,63.585
Ha412HOChr16,12779456,16,30.512
Ha412HOChr17,62110486,17,55.598
Ha412HOChr14,173176402,14,35.689
Ha412HOChr17,107669425,17,57.562
Ha412HOChr06,1258408,6,0
Ha412HOChr13,68899790,13,1.662
Ha412HOChr10,5090695,10,9.811
Ha412HOChr02,11764899,2,10.795
Ha412HOChr02,11765209,2,10.795
Ha412HOChr10,68204717,10,43.867
Ha412HOChr13,148956238,13,45.707
Ha412HOChr11,7460209,11,20.27
Ha412HOChr08,32919406,8,40.611
Ha412HOChr12,8492421,12,57.903
Ha412HOChr10,165541143,10,53.678
Ha412HOChr02,105341722,2,21.147
Ha412HOChr12,40300964,12,15.843
Ha412HOChr14,169146473,14,33.149
Ha412HOChr17,48694520,17,54.156
Ha412HOChr10,32180507,10,41.986
Ha412HOChr13,117884780,13,38.24
Ha412HOChr17,38937858,17,51.789
Ha412HOChr13,65314666,13,1.441
Ha412HOChr01,104876771,1,18.176
Ha412HOChr14,124804992,14,10.943
Ha412HOChr02,45648233,2,19.82
Ha412HOChr01,149502450,1,43.54
Ha412HOChr05,179475572,5,52.074
Ha412HOChr14,14776893,14,1.56
Ha412HOChr12,12895392,12,31.817
Ha412HOChr10,181240299,10,67.563
Ha412HOChr10,24938437,10,39.563
Ha412HOChr10,24939724,10,39.563
Ha412HOChr15,181961416,15,2.608
Ha412HOChr10,170739195,10,55.103
Ha412HOChr14,17006732,15,36.696
Ha412HOChr10,81630357,10,43.867
Ha412HOChr13,129712071,13,42.146
Ha412HOChr03,140390353,3,42.984
Ha412HOChr03,144760197,3,44.871
Ha412HOChr10,21732698,10,36.446
Ha412HOChr13,87415081,13,16.323
Ha412HOChr01,123829691,1,17.597
Ha412HOChr17,145923485,17,57.968
Ha412HOChr09,155131869,9,51.873
Ha412HOChr13,169785803,13,53.617
Ha412HOChr01,77167244,1,18.176
Ha412HOChr06,59150326,6,55.446
Ha412HOChr05,115107147,5,36.498
Ha412HOChr14,142499380,14,20.455
Ha412HOChr16,215303890,16,94.039
Ha412HOChr02,8117227,2,1.781
Ha412HOChr06,121752501,6,58.539
Ha412HOChr12,7772804,12,55.08
Ha412HOChr05,108313761,5,34.638
Ha412HOChr16,48292403,16,46.582
Ha412HOChr14,11922492,14,1.178
Ha412HOChr10,152540355,10,49.412
Ha412HOChr13,70966421,13,2.033
Ha412HOChr09,170724812,9,54.938
Ha412HOChr12,38389762,12,16.217
Ha412HOChr12,37337762,12,17.337
Ha412HOChr05,102224165,5,34.638
Ha412HOChr13,106452971,13,37.473
Ha412HOChr10,141155847,10,46.109
Ha412HOChr06,21450969,6,39.448
Ha412HOChr08,43739784,8,42.334
Ha412HOChr16,190255024,16,59.175
Ha412HOChr10,118083350,10,43.867
Ha412HOChr05,170250128,5,44.459
Ha412HOChr02,141830010,2,20.544
Ha412HOChr04,4923182,4,11.187
Ha412HOChr10,125491131,10,44.236
Ha412HOChr17,168387278,17,62.104
Ha412HOChr08,112747217,8,59.873
Ha412HOChr01,55408463,1,18.176
Ha412HOChr03,170285461,12,26.158
Ha412HOChr10,158300301,10,50.862
Ha412HOChr03,10195026,3,19.458
Ha412HOChr03,10195740,3,19.458
Ha412HOChr10,21296926,10,36.046
Ha412HOChr13,133751627,13,43.232
Ha412HOChr15,12265296,15,45.71
Ha412HOChr09,90090410,10,42.363
Ha412HOChr16,215798049,16,94.406
Ha412HOChr02,165358138,2,34.13
Ha412HOChr15,12269972,15,45.298
Ha412HOChr11,54736353,11,55.524
Ha412HOChr04,212619626,4,68.204
Ha412HOChr06,48992240,6,54.47
Ha412HOChr12,21858701,12,22.071
Ha412HOChr17,21249106,17,45.72
Ha412HOChr10,175323137,10,58.198
Ha412HOChr06,9756171,6,21.922
Ha412HOChr01,133914794,1,16.475
Ha412HOChr01,73060937,1,18.176
Ha412HOChr02,153133619,2,28.17
Ha412HOChr02,21013541,2,18.639
Ha412HOChr15,3644739,15,73.42
Ha412HOChr15,3644671,15,73.42
Ha412HOChr10,109988855,10,43.867
Ha412HOChr02,169807404,2,36.816
Ha412HOChr09,183539654,9,58.988
Ha412HOChr06,31471190,6,44.878
Ha412HOChr05,35032714,5,33.889
Ha412HOChr14,159770011,14,27.535
Ha412HOChr05,89230217,5,33.889
Ha412HOChr14,184484163,14,69.382
Ha412HOChr16,124354264,16,45.874
Ha412HOChr02,60838900,2,21.552
Ha412HOChr09,180919926,9,57.88
Ha412HOChr16,123914301,16,47.036
Ha412HOChr12,14803661,12,27.472
Ha412HOChr13,78817125,13,3.918
Ha412HOChr02,165644875,2,35.722
Ha412HOChr11,38690204,11,50.879
Ha412HOChr14,186438946,14,76.716
Ha412HOChr16,133778205,16,45.439
Ha412HOChr09,171608573,9,54.938
Ha412HOChr01,123997835,1,17.597
Ha412HOChr01,123998224,1,17.597
Ha412HOChr10,169124203,10,54.736
Ha412HOChr17,170743138,17,62.104
Ha412HOChr09,165471347,9,52.654
Ha412HOChr08,45256753,8,42.334
Ha412HOChr15,153738278,15,2.977
Ha412HOChr06,26476559,6,41.479
Ha412HOChr14,142531009,14,20.455
Ha412HOChr16,68162987,16,46.76
Ha412HOChr13,160014057,13,48.669
Ha412HOChr12,37975848,12,16.589
Ha412HOChr08,30687221,8,40.611
Ha412HOChr07,1100020,7,0
Ha412HOChr07,1099943,7,0
Ha412HOChr05,44738836,5,33.889
Ha412HOChr03,169572398,3,55.243
Ha412HOChr09,138555712,9,41.61
Ha412HOChr09,170751216,9,54.938
Ha412HOChr08,90327544,8,54.508
Ha412HOChr13,79507521,13,5.026
Ha412HOChr14,168450124,14,32.531
Ha412HOChr01,113417750,1,18.176
Ha412HOChr14,132184492,14,14.767
Ha412HOChr09,171313833,9,54.938
Ha412HOChr10,167427629,10,54.368
Ha412HOChr06,85614734,6,58.162
Ha412HOChr11,10089086,11,27.203
Ha412HOChr05,136091946,5,43.307
Ha412HOChr05,172833150,5,44.459
Ha412HOChr06,45917941,6,51.753
Ha412HOChr12,23747060,12,22.071
Ha412HOChr01,134212305,1,16.475
Ha412HOChr07,137907724,7,15.131
Ha412HOChr10,33867821,10,43.114
Ha412HOChr01,21783043,1,18.176
Ha412HOChr11,41446333,11,51.893
Ha412HOChr01,92997061,1,18.176
Ha412HOChr17,187681744,17,65.086
Ha412HOChr09,135527824,9,38.787
Ha412HOChr05,180870426,5,64.55
Ha412HOChr06,26836126,6,42.242
Ha412HOChr09,123533463,9,31.501
Ha412HOChr01,94595366,1,18.176
Ha412HOChr05,33441588,5,33.889
Ha412HOChr12,43512167,12,14.024
Ha412HOChr17,156049497,17,59.131
Ha412HOChr16,11287651,16,27.078
Ha412HOChr10,32179998,10,41.986
Ha412HOChr16,124354942,16,45.874
Ha412HOChr07,27847316,7,6.904
Ha412HOChr10,64173347,10,43.867
Ha412HOChr12,35453439,12,17.337
Ha412HOChr17,104645840,17,57.562
Ha412HOChr01,81955857,1,18.176
Ha412HOChr15,5378178,15,67.373
Ha412HOChr15,5377703,15,67.373
Ha412HOChr06,88699302,6,58.539
Ha412HOChr05,186198267,5,90.703
Ha412HOChr04,31478799,4,37.541
Ha412HOChr10,33233201,10,42.742
Ha412HOChr17,159926098,17,60.344
Ha412HOChr01,63765492,1,18.176
Ha412HOChr17,189183212,17,65.661
Ha412HOChr13,160518070,13,49.411
Ha412HOChr13,160517058,13,49.411
Ha412HOChr12,48635811,12,12.494
Ha412HOChr01,37490227,1,18.176
Ha412HOChr10,67694286,10,43.867
Ha412HOChr13,159131211,13,48.296
Ha412HOChr15,53417660,15,30.313
Ha412HOChr09,172578186,9,55.674
Ha412HOChr03,152207014,3,46.381
Ha412HOChr02,138828630,2,20.544
Ha412HOChr06,26848463,6,42.242
Ha412HOChr17,108848433,17,57.562
Ha412HOChr13,30561147,13,0.432
Ha412HOChr13,118241951,13,38.24
Ha412HOChr03,6775414,3,12.153
Ha412HOChr03,6774330,3,12.153
Ha412HOChr13,94157719,13,28.839
Ha412HOChr14,163307532,14,28.795
Ha412HOChr08,119612458,8,61.778
Ha412HOChr05,92772785,5,33.889
Ha412HOChr09,135520191,9,38.787
Ha412HOChr01,65310750,1,18.176
Ha412HOChr16,72371018,16,46.76
Ha412HOChr09,127338862,9,32.989
Ha412HOChr12,10721673,12,62.958
Ha412HOChr05,151937113,5,44.459
Ha412HOChr05,17478220,5,31.234
Ha412HOChr02,136850216,2,20.544
Ha412HOChr10,80187586,10,43.867
Ha412HOChr09,192718960,9,73.283
Ha412HOChr10,150728647,10,48.356
Ha412HOChr10,90669964,10,43.867
Ha412HOChr16,4395735,16,6.233
Ha412HOChr13,138250343,13,43.566
Ha412HOChr05,118712919,5,37.624
Ha412HOChr09,193764909,9,76.718
Ha412HOChr04,213429129,4,72.037
Ha412HOChr14,10280693,14,1.178
Ha412HOChr03,19992754,3,29.47
Ha412HOChr04,433478,4,0
Ha412HOChr10,165585964,10,53.678
Ha412HOChr02,153213741,2,28.17
Ha412HOChr13,152165781,13,47.18
Ha412HOChr03,32220052,3,32.189
Ha412HOChr10,152725523,10,49.801
Ha412HOChr10,10690776,10,21.803
Ha412HOChr02,117818312,2,21.147
Ha412HOChr10,90659297,10,43.867
Ha412HOChr14,156495371,14,26.313
Ha412HOChr01,61832795,1,18.176
Ha412HOChr01,61833462,1,18.176
Ha412HOChr12,39396093,12,15.843
Ha412HOChr05,160187457,5,44.459
Ha412HOChr02,129922573,2,20.978
Ha412HOChr01,43146016,1,18.176
Ha412HOChr08,29916076,8,38.756
Ha412HOChr16,197444322,16,67.246
Ha412HOChr10,133988137,10,44.973
Ha412HOChr10,173825444,10,57.018
Ha412HOChr03,175610831,3,70.415
Ha412HOChr06,28348413,6,43.379
Ha412HOChr01,137996778,1,14.891
Ha412HOChr11,39111021,11,50.879
Ha412HOChr06,91069451,6,58.539
Ha412HOChr10,151683103,10,48.356
Ha412HOChr04,962575,4,0
Ha412HOChr11,178760637,11,73.297
Ha412HOChr01,117342352,1,17.886
Ha412HOChr05,173358432,5,44.459
Ha412HOChr09,127335142,9,32.989
Ha412HOChr14,102909911,14,4.936
Ha412HOChr09,131404793,9,35.702
Ha412HOChr17,189185290,17,65.661
Ha412HOChr16,197459022,16,67.62
Ha412HOChr02,24330549,2,24.352
Ha412HOChr01,45560883,1,18.176
Ha412HOChr02,159631657,2,30.266
Ha412HOChr10,100499195,10,43.867
Ha412HOChr12,43480714,12,14.357
Ha412HOChr01,10684019,1,18.176
Ha412HOChr05,48016443,5,33.889
Ha412HOChr05,156273718,5,44.459
Ha412HOChr01,73229331,1,18.176
Ha412HOChr05,147518060,5,44.459
Ha412HOChr13,169805458,13,54.012
Ha412HOChr02,179340768,2,59.384
Ha412HOChr05,7625944,5,12.321
Ha412HOChr05,7625433,5,12.321
Ha412HOChr13,7183441,13,0.432
Ha412HOChr03,7117916,3,13.337
Ha412HOChr03,165841064,3,52.876
Ha412HOChr10,129137151,10,44.236
Ha412HOChr01,111535706,1,18.176
Ha412HOChr10,127267027,10,44.236
Ha412HOChr09,47354114,9,25.567
Ha412HOChr10,11250126,10,22.983
Ha412HOChr09,178126459,9,56.393
Ha412HOChr04,28892701,4,37.161
Ha412HOChr10,13084852,10,26.107
Ha412HOChr10,702121,10,0
Ha412HOChr10,157066794,10,50.112
Ha412HOChr01,111022814,1,18.176
Ha412HOChr07,160688009,7,66.089
Ha412HOChr10,187985381,10,91.155
Ha412HOChr17,150351038,17,57.968
Ha412HOChr16,145529617,16,50.06
Ha412HOChr13,158935432,13,48.296
Ha412HOChr03,129172699,3,40.733
Ha412HOChr13,165660633,13,50.721
Ha412HOChr13,165661336,13,50.721
Ha412HOChr10,12672046,10,24.967
Ha412HOChr10,12672737,10,24.967
Ha412HOChr14,136561575,14,16.648
Ha412HOChr10,13530512,10,27.701
Ha412HOChr06,42673177,6,48.669
Ha412HOChr14,126811197,14,12.983
Ha412HOChr14,170407871,14,33.435
Ha412HOChr13,45395623,13,0.432
Ha412HOChr03,116893390,3,38.06
Ha412HOChr05,130290556,5,41.013
Ha412HOChr13,175386270,13,69.451
Ha412HOChr14,11909764,14,1.178
Ha412HOChr08,22787359,8,33.131
Ha412HOChr09,182450160,9,58.247
Ha412HOChr01,80632722,1,18.176
Ha412HOChr13,52766718,13,0.432
Ha412HOChr02,165619277,2,35.722
Ha412HOChr09,137728201,9,40.5
Ha412HOChr14,126255210,14,12.053
Ha412HOChr11,4396675,11,8.003
Ha412HOChr04,1422574,4,1.507
Ha412HOChr15,109817848,15,16.765
Ha412HOChr12,4959708,12,44.916
Ha412HOChr15,144707149,15,3.714
Ha412HOChr07,159462799,7,64.057
Ha412HOChr06,929228,6,0
Ha412HOChr10,100499215,10,43.867
Ha412HOChr01,134399294,1,16.224
Ha412HOChr17,11011139,17,28.316
Ha412HOChr10,37948024,10,43.49
Ha412HOChr10,123737052,10,44.236
Ha412HOChr01,113620505,1,18.176
Ha412HOChr01,113621274,1,18.176
Ha412HOChr13,78817214,13,3.918
Ha412HOChr02,86106122,2,21.37
Ha412HOChr08,100715810,8,57.919
Ha412HOChr05,39484085,5,33.889
Ha412HOChr17,70309318,17,55.959
Ha412HOChr14,110814957,14,6.041
Ha412HOChr16,192335273,16,61.955
Ha412HOChr01,117486775,1,17.886
Ha412HOChr14,10290534,14,1.178
Ha412HOChr03,175621579,3,70.415
Ha412HOChr09,129844832,9,35.334
Ha412HOChr01,69762036,1,18.176
Ha412HOChr03,158748406,3,49.759
Ha412HOChr09,137114290,9,40.5
Ha412HOChr10,105457565,10,43.867
Ha412HOChr10,105457315,10,43.867
Ha412HOChr09,165053812,9,52.654
Ha412HOChr01,39382057,1,18.176
Ha412HOChr16,12453766,16,27.497
Ha412HOChr09,18776520,9,20.503
Ha412HOChr13,145784764,13,45.707
Ha412HOChr14,128152117,14,13.742
Ha412HOChr08,113678951,8,59.873
Ha412HOChr05,90501132,5,33.889
Ha412HOChr16,71044071,16,46.76
Ha412HOChr05,21435620,5,33.107
Ha412HOChr15,181032518,15,2.977
Ha412HOChr17,2623375,17,2.865
Ha412HOChr05,130754856,5,41.395
Ha412HOChr12,19063926,12,23.909
Ha412HOChr05,110741666,5,35.005
Ha412HOChr04,56704733,4,42.23
Ha412HOChr03,173115872,3,59.197
Ha412HOChr11,17843989,11,45.998
Ha412HOChr01,65788204,1,18.176
Ha412HOChr06,101695449,6,58.539
Ha412HOChr08,90329565,8,54.508
Ha412HOChr16,1166948,16,1.329
Ha412HOChr16,121863329,16,46.964
Ha412HOChr12,174064933,12,0
Ha412HOChr14,159771069,14,27.535
Ha412HOChr07,62206325,7,7.94
Ha412HOChr10,32266076,10,41.986
Ha412HOChr16,191482988,16,60.752
Ha412HOChr04,660699,4,0
Ha412HOChr10,177914352,10,61.504
Ha412HOChr16,48293077,16,46.582
Ha412HOChr06,38088982,6,47.122
Ha412HOChr07,143315316,7,21.002
Ha412HOChr14,184705346,14,70.162
Ha412HOChr15,181053185,15,2.977
Ha412HOChr09,136319210,9,40.094
Ha412HOChr09,136319463,9,40.094
Ha412HOChr10,81313773,10,43.867
Ha412HOChr05,16660488,5,31.234
Ha412HOChr17,155208188,17,58.7
Ha412HOChr14,170278003,14,33.149
Ha412HOChr14,126474536,14,12.983
Ha412HOChr09,183559386,9,58.988
Ha412HOChr09,183565225,9,58.988
Ha412HOChr16,214582849,16,93.67
Ha412HOChr10,30719837,10,41.402
Ha412HOChr05,52573039,5,33.889
Ha412HOChr09,8972746,9,14.739
Ha412HOChr13,142463275,13,44.999
Ha412HOChr10,838885,10,0
Ha412HOChr04,213056634,4,69.84
Ha412HOChr15,40183260,15,32.076
Ha412HOChr05,177974305,5,46.422
Ha412HOChr15,23693512,15,37.374
Ha412HOChr08,75720906,8,45.512
Ha412HOChr09,145519838,9,47.037
Ha412HOChr13,9025226,13,0.432
Ha412HOChr14,118591098,13,0.432
Ha412HOChr01,59453873,1,18.176
Ha412HOChr10,33462706,10,42.742
Ha412HOChr02,147794123,2,22.93
Ha412HOChr09,171989071,9,55.674
Ha412HOChr16,35323369,16,47.567
Ha412HOChr13,15448458,13,0.432
Ha412HOChr01,69514530,1,18.176
Ha412HOChr14,182534972,14,60.884
Ha412HOChr07,138521920,7,15.873
Ha412HOChr15,143544353,15,3.714
Ha412HOChr16,1471591,16,1.329
Ha412HOChr10,135308623,16,1.329
Ha412HOChr15,3585003,15,73.801
Ha412HOChr16,56836865,16,46.691
Ha412HOChr16,9252695,16,23.123
Ha412HOChr12,12310968,12,31.817
Ha412HOChr15,3049268,15,76.109
Ha412HOChr15,731276,15,80.269
Ha412HOChr17,45148469,17,53.295
Ha412HOChr08,59758778,8,42.713
Ha412HOChr10,153063986,10,49.801
Ha412HOChr10,9510541,10,16.554
Ha412HOChr02,18747328,2,17.906
Ha412HOChr02,158834869,2,30.266
Ha412HOChr14,140932782,14,18.922
Ha412HOChr09,34455835,9,23.633
Ha412HOChr13,15500796,13,0.432
Ha412HOChr09,115951351,9,29.399
Ha412HOChr17,16087197,17,41.481
Ha412HOChr13,102810642,13,35.938
Ha412HOChr09,192827853,9,73.71
Ha412HOChr04,59235313,4,43.274
Ha412HOChr05,140974365,5,43.685
Ha412HOChr16,44840525,16,46.488
Ha412HOChr14,161849445,14,28.674
Ha412HOChr05,68144000,5,33.889
Ha412HOChr01,128080687,1,17.312
Ha412HOChr02,142553225,2,20.544
Ha412HOChr08,74021431,8,44.028
Ha412HOChr13,13465758,13,0.432
Ha412HOChr03,155802376,3,48.238
Ha412HOChr09,189185023,9,65.474
Ha412HOChr13,138312238,13,43.926
Ha412HOChr01,17991686,1,18.176
Ha412HOChr06,8756371,6,19.25
Ha412HOChr15,182122050,15,2.608
Ha412HOChr03,181335339,3,88.989
Ha412HOChr08,124897607,8,62.398
Ha412HOChr10,148208771,10,47.245
Ha412HOChr16,56139057,16,46.691
Ha412HOChr02,123024745,2,20.978
Ha412HOChr17,179566105,17,63.585
Ha412HOChr07,1169467,7,0
Ha412HOChr13,124822021,13,40.899
Ha412HOChr03,176620981,3,74.927
Ha412HOChr16,20021264,16,38.654
Ha412HOChr17,41912927,17,52.164
Ha412HOChr08,8294800,8,15.781
Ha412HOChr08,8294189,8,15.781
Ha412HOChr08,8294562,8,15.781
Ha412HOChr15,163775411,15,2.977
Ha412HOChr16,141395257,16,44.689
Ha412HOChr09,187671701,9,61.919
Ha412HOChr07,1305273,7,0
Ha412HOChr15,160816274,15,2.977
Ha412HOChr10,4977972,10,8.683
Ha412HOChr15,162321275,15,2.977
Ha412HOChr15,13648397,15,41.937
Ha412HOChr12,22345082,12,22.071
Ha412HOChr11,155800434,11,64.047
Ha412HOChr10,19108080,10,33.669
Ha412HOChr09,186279990,9,60.446
Ha412HOChr02,91988147,2,21.167
Ha412HOChr13,89248387,13,22.057
Ha412HOChr13,44404886,13,0.432
Ha412HOChr09,131035004,9,35.702
Ha412HOChr16,130733185,16,45.439
Ha412HOChr16,61075165,16,46.76
Ha412HOChr06,123487145,6,58.539
Ha412HOChr10,135360980,10,44.973
Ha412HOChr10,21297494,10,36.046
Ha412HOChr05,49404957,5,33.889
Ha412HOChr15,61188375,15,28.131
Ha412HOChr15,61188360,15,28.131
Ha412HOChr10,60194702,10,43.867
Ha412HOChr01,38317077,1,18.176
Ha412HOChr06,30414029,6,44.483
Ha412HOChr17,127735499,17,57.562
Ha412HOChr16,2581016,16,0.285
Ha412HOChr04,95323433,4,44.389
Ha412HOChr05,162998193,5,44.459
Ha412HOChr05,162996275,5,44.459
Ha412HOChr12,38378061,12,16.217
Ha412HOChr01,136188582,1,16.224
Ha412HOChr15,119763076,15,8.785
Ha412HOChr04,14470001,4,26.914
Ha412HOChr02,142236115,2,20.544
Ha412HOChr09,182472148,9,58.247
Ha412HOChr08,8937832,8,16.975
Ha412HOChr12,39395707,12,15.843
Ha412HOChr12,39382673,12,15.843
Ha412HOChr09,8443034,9,13.99
Ha412HOChr13,43267175,13,0.432
Ha412HOChr01,86872625,1,18.176
Ha412HOChr05,82099089,5,33.889
Ha412HOChr10,9036803,10,15.182
Ha412HOChr05,154539289,5,44.459
Ha412HOChr14,138923446,14,17.033
Ha412HOChr01,72397932,1,18.176
Ha412HOChr07,14552140,7,6.904
Ha412HOChr15,52683939,15,30.313
Ha412HOChr03,173115216,3,59.197
Ha412HOChr16,114480627,16,46.111
Ha412HOChr05,70774056,5,33.889
Ha412HOChr03,159018049,3,49.759
Ha412HOChr16,48292619,16,46.582
Ha412HOChr16,56079559,16,46.691
Ha412HOChr05,178477869,5,48.838
Ha412HOChr10,80929323,10,43.867
Ha412HOChr17,5272694,17,12.348
Ha412HOChr11,14799511,11,41.016
Ha412HOChr14,14600200,14,1.56
Ha412HOChr01,18535908,1,18.176
Ha412HOChr01,111195989,1,18.176
Ha412HOChr10,67919507,10,43.867
Ha412HOChr03,181339167,3,88.989
Ha412HOChr17,163777237,17,61.697
Ha412HOChr05,115215866,5,36.498
Ha412HOChr06,1680846,6,0.26
Ha412HOChr17,159926078,17,60.344
Ha412HOChr01,104124579,1,18.176
Ha412HOChr13,64671986,13,1.441
Ha412HOChr01,134332388,1,16.224
Ha412HOChr01,95441725,1,18.176
Ha412HOChr06,7669507,6,15.671
Ha412HOChr09,137113630,9,40.5
Ha412HOChr02,183941140,2,73.359
Ha412HOChr13,175236182,13,69.451
Ha412HOChr14,110814340,14,6.041
Ha412HOChr15,56431983,15,29.539
Ha412HOChr01,158459397,1,73.823
Ha412HOChr10,172497245,10,56.245
Ha412HOChr11,10550106,11,32.357
Ha412HOChr04,212522469,4,67.871
Ha412HOChr08,110787303,8,59.094
Ha412HOChr12,38940393,12,15.843
Ha412HOChr11,148409242,11,60.73
Ha412HOChr13,91778959,13,26.419
Ha412HOChr02,140884072,2,20.544
Ha412HOChr01,124004158,1,17.597
Ha412HOChr10,32002211,10,41.986
Ha412HOChr09,105384553,9,27.325
Ha412HOChr13,129711631,13,42.146
Ha412HOChr10,33191017,10,42.742
Ha412HOChr12,37326293,12,17.337
Ha412HOChr14,139174225,14,17.801
Ha412HOChr01,112991613,1,18.176
Ha412HOChr07,18827557,7,6.904
Ha412HOChr03,176828745,3,74.927
Ha412HOChr13,35869676,13,0.432
Ha412HOChr08,47037663,8,42.334
Ha412HOChr05,44397789,5,33.889
Ha412HOChr05,44397462,5,33.889
Ha412HOChr13,175394803,13,69.451
Ha412HOChr01,39012840,1,18.176
Ha412HOChr10,10571247,10,20.696
Ha412HOChr03,136964631,3,42.229
Ha412HOChr01,102240925,1,18.176
Ha412HOChr16,45130074,16,46.582
Ha412HOChr13,129678406,13,42.146
Ha412HOChr02,93252740,2,21.147
Ha412HOChr05,130179039,5,41.013
Ha412HOChr10,90168667,10,43.867
Ha412HOChr13,135510580,13,43.232
Ha412HOChr01,158479257,1,73.823
Ha412HOChr10,24420190,10,38.413
Ha412HOChr01,77505597,1,18.176
Ha412HOChr01,8151124,1,20.314
Ha412HOChr01,8151028,1,20.314
Ha412HOChr13,99396083,13,34.739
Ha412HOChr10,857537,10,0
Ha412HOChr10,10705409,10,22.207
Ha412HOChr11,5871957,11,15.985
Ha412HOChr07,12497319,7,6.904
Ha412HOChr10,170653406,10,55.103
Ha412HOChr01,126816868,1,17.597
Ha412HOChr15,31861349,15,36.696
Ha412HOChr02,102230545,2,21.147
Ha412HOChr13,126082536,13,41.263
Ha412HOChr01,66112633,1,18.176
Ha412HOChr05,166021809,5,44.459
Ha412HOChr13,118248688,13,38.24
Ha412HOChr01,98739944,1,18.176
Ha412HOChr11,31197608,11,49.776
Ha412HOChr10,114595828,10,43.867
Ha412HOChr02,183991506,2,73.719
Ha412HOChr10,113968910,10,43.867
Ha412HOChr10,103494885,10,43.867
Ha412HOChr13,88494908,13,18.749
Ha412HOChr16,17520275,16,36.238
Ha412HOChr07,153326920,7,39.093
Ha412HOChr01,139790765,1,24.737
Ha412HOChr02,107733343,2,21.147
Ha412HOChr06,90929746,6,58.539
Ha412HOChr08,92251231,8,55.671
Ha412HOChr13,142947167,13,44.999
Ha412HOChr16,205491689,16,73.847
Ha412HOChr02,114543377,2,21.147
Ha412HOChr05,137825598,5,43.307
Ha412HOChr06,24984376,6,40.126
Ha412HOChr16,188780037,16,58.384
Ha412HOChr12,13226175,12,30.027
Ha412HOChr10,173703763,10,56.629
Ha412HOChr08,9180687,8,18.166
Ha412HOChr11,151856158,11,62.23
Ha412HOChr01,94741974,1,18.176
Ha412HOChr10,5403367,10,10.951
Ha412HOChr11,180858151,11,76.347
Ha412HOChr01,119491703,1,17.886
Ha412HOChr01,119492383,1,17.886
Ha412HOChr01,9397853,1,11.643
Ha412HOChr15,23699582,15,37.374
Ha412HOChr15,23699294,15,37.374
Ha412HOChr01,130420506,1,17.03
Ha412HOChr16,124330521,16,45.874
Ha412HOChr09,171558475,9,54.938
Ha412HOChr09,178130480,9,56.393
Ha412HOChr10,70638761,10,43.867
Ha412HOChr10,175656616,10,58.74
Ha412HOChr10,175656136,10,58.74
Ha412HOChr15,116760548,15,11.098
Ha412HOChr01,117168383,1,17.886
Ha412HOChr07,8214214,10,43.867
Ha412HOChr07,8212956,10,43.867
Ha412HOChr05,159259258,5,44.459
Ha412HOChr03,140237679,3,42.607
Ha412HOChr01,94597432,1,18.176
Ha412HOChr10,113719018,10,43.867
Ha412HOChr10,100097498,10,43.867
Ha412HOChr05,140939247,5,43.685
Ha412HOChr17,59740031,17,55.598
Ha412HOChr01,131085995,1,17.03
Ha412HOChr01,131084639,1,17.03
Ha412HOChr01,131086246,1,17.03
Ha412HOChr16,59302690,16,46.76
Ha412HOChr06,30412260,6,44.483
Ha412HOChr04,216927232,4,91.739
Ha412HOChr17,21401033,17,45.72
Ha412HOChr05,185771166,5,88.125
Ha412HOChr14,187998226,14,78.557
Ha412HOChr15,5836688,15,66.927
Ha412HOChr16,125580568,16,45.874
Ha412HOChr16,124330348,16,45.874
Ha412HOChr07,143077236,7,20.62
Ha412HOChr15,184724641,15,0.745
Ha412HOChr05,140939840,5,43.685
Ha412HOChr13,90446675,13,23.685
Ha412HOChr10,161242997,10,50.862
Ha412HOChr12,38918377,12,15.843
Ha412HOChr14,15597688,14,2.334
Ha412HOChr13,15116385,13,0.432
Ha412HOChr03,139151546,3,42.607
Ha412HOChr15,148675760,15,3.345
Ha412HOChr14,187846337,14,78.557
Ha412HOChr11,37383267,11,50.503
Ha412HOChr08,26069990,8,35.87
Ha412HOChr09,26419612,9,22.919
Ha412HOChr17,164041134,17,61.697
Ha412HOChr15,5475386,15,67.309
Ha412HOChr10,36399334,10,43.49
Ha412HOChr12,3416761,12,39.072
Ha412HOChr14,140936883,14,18.922
Ha412HOChr09,46104906,9,24.779
Ha412HOChr01,140367776,1,25.495
Ha412HOChr14,135286115,14,15.116
Ha412HOChr14,135286260,14,15.116
Ha412HOChr02,11003400,2,8.921
Ha412HOChr10,158452934,10,50.862
Ha412HOChr10,14627158,10,30.901
Ha412HOChr01,34817636,1,18.176
Ha412HOChr10,25345185,10,39.563
Ha412HOChr09,170722630,9,54.938
Ha412HOChr02,90432756,2,21.167
Ha412HOChr06,29082593,6,44.146
Ha412HOChr10,112960215,10,43.867
Ha412HOChr12,1158896,12,35.139
Ha412HOChr13,146036909,13,45.707
Ha412HOChr03,138851109,3,42.607
Ha412HOChr17,21244513,17,45.72
Ha412HOChr08,56049798,8,42.713
Ha412HOChr16,116922367,16,46.111
Ha412HOChr07,129002867,7,11.21
Ha412HOChr16,147465136,16,50.06
Ha412HOChr14,140740631,14,18.922
Ha412HOChr06,56348653,6,54.84
Ha412HOChr08,20707232,8,31.941
Ha412HOChr09,137411707,9,40.5
Ha412HOChr01,51776687,1,18.176
Ha412HOChr08,138091781,8,62.398
Ha412HOChr12,31340449,12,19.099
Ha412HOChr09,162887362,17,51.789
Ha412HOChr08,11645836,8,22.357
Ha412HOChr04,460417,4,0
Ha412HOChr02,170056714,2,37.658
Ha412HOChr13,169030924,13,53.224
Ha412HOChr10,170656259,10,55.103
Ha412HOChr03,176636782,3,74.927
Ha412HOChr16,187406237,16,55.372
Ha412HOChr02,72323892,2,21.395
Ha412HOChr08,82306341,8,46.34
Ha412HOChr13,60482210,13,1.441
Ha412HOChr02,18780627,2,17.906
Ha412HOChr02,101651955,2,21.147
Ha412HOChr15,34917562,15,34.624
Ha412HOChr09,164940193,9,52.654
Ha412HOChr15,13738897,15,40.577
Ha412HOChr10,181644585,10,67.969
Ha412HOChr04,52047740,4,41.131
Ha412HOChr09,135679508,9,39.554
Ha412HOChr13,132023980,13,42.905
Ha412HOChr09,191187066,9,69.087
Ha412HOChr08,93619982,8,56.06
Ha412HOChr05,151080639,5,44.459
Ha412HOChr05,151079944,5,44.459
Ha412HOChr09,136319725,9,40.094
Ha412HOChr17,53721176,17,55.231
Ha412HOChr10,25344511,10,39.563
Ha412HOChr02,134688170,2,21.742
Ha412HOChr01,128725253,1,17.312
Ha412HOChr04,333171,4,0
Ha412HOChr10,90669292,10,43.867
Ha412HOChr16,124190774,16,47.036
Ha412HOChr13,44411352,13,0.432
Ha412HOChr01,88040520,1,18.176
Ha412HOChr10,112149091,10,43.867
Ha412HOChr01,151536217,1,56.477
Ha412HOChr02,180254199,2,64.444
Ha412HOChr04,58974792,4,42.903
Ha412HOChr06,31441321,6,44.878
Ha412HOChr10,177543548,10,61.095
Ha412HOChr10,177542897,10,61.095
Ha412HOChr01,102245040,1,18.176
Ha412HOChr10,135854285,10,44.973
Ha412HOChr11,54538254,11,55.524
Ha412HOChr06,8178956,6,17.449
Ha412HOChr12,2219549,12,37.133
Ha412HOChr03,165840645,3,52.876
Ha412HOChr03,160936003,3,50.656
Ha412HOChr13,106802122,13,37.473
Ha412HOChr03,127524079,3,40.354
Ha412HOChr01,111196679,1,18.176
Ha412HOChr01,130177757,1,17.03
Ha412HOChr17,1708863,17,1.107
Ha412HOChr16,144892678,16,49.851
Ha412HOChr16,144964834,16,49.851
Ha412HOChr16,187169201,16,55.372
Ha412HOChr14,153968276,14,25.302
Ha412HOChr16,42155845,16,47.404
Ha412HOChr17,21785765,17,46.121
Ha412HOChr08,134154595,8,62.398
Ha412HOChr17,17331540,17,43.74
Ha412HOChr06,4590373,6,11.641
Ha412HOChr16,164718696,16,52.828
Ha412HOChr17,123230137,17,57.562
Ha412HOChr05,130757454,5,41.395
Ha412HOChr07,1101484,7,0
Ha412HOChr16,216690209,16,95.768
Ha412HOChr16,125340006,16,45.874
Ha412HOChr10,110883154,10,43.867
Ha412HOChr10,145066423,10,46.482
Ha412HOChr16,59302062,16,46.76
Ha412HOChr03,169720404,3,55.243
Ha412HOChr10,4511108,10,7.983
Ha412HOChr15,117239475,15,10.719
Ha412HOChr17,37371896,17,51.789
Ha412HOChr01,136351898,1,16.224
Ha412HOChr01,110755724,1,18.176
Ha412HOChr15,136306871,15,4.841
Ha412HOChr16,118090248,16,46.111
Ha412HOChr09,3631980,9,1.864
Ha412HOChr01,64139685,1,18.176
Ha412HOChr16,125581129,16,45.874
Ha412HOChr11,1734296,11,4.138
Ha412HOChr12,55969171,12,12.494
Ha412HOChr13,135426080,13,43.232
Ha412HOChr01,130088111,1,17.03
Ha412HOChr01,130088437,1,17.03
Ha412HOChr03,144760109,3,44.871
Ha412HOChr10,154538965,10,49.801
Ha412HOChr09,135583887,9,38.787
Ha412HOChr01,106637701,1,18.176
Ha412HOChr14,155336173,14,25.563
Ha412HOChr03,116905263,3,38.06
Ha412HOChr01,53268016,1,18.176
Ha412HOChr11,145551584,11,59.235
Ha412HOChr02,11333317,2,8.64
Ha412HOChr10,96888787,10,43.867
Ha412HOChr05,151074348,5,44.459
Ha412HOChr13,171778425,13,60.499
Ha412HOChr13,92117212,13,26.777
Ha412HOChr12,2732004,12,37.543
Ha412HOChr13,165659008,13,50.721
Ha412HOChr15,185871276,15,0
Ha412HOChr05,7673843,5,12.321
Ha412HOChr10,106555657,10,43.867
Ha412HOChr14,156574475,14,26.313
Ha412HOChr12,29747598,12,20.211
Ha412HOChr01,69760946,1,18.176
Ha412HOChr11,44175916,11,53.072
Ha412HOChr06,21472200,6,39.448
Ha412HOChr03,144759545,3,44.871
Ha412HOChr16,8950024,16,22.693
Ha412HOChr13,150960706,13,46.452
Ha412HOChr01,130094272,1,17.03
Ha412HOChr14,132183932,14,14.767
Ha412HOChr08,29913957,8,38.372
Ha412HOChr02,60023315,2,22.28
Ha412HOChr04,56704105,4,42.23
Ha412HOChr16,169818370,16,52.828
Ha412HOChr09,185655877,9,59.317
Ha412HOChr16,205651061,16,74.001
Ha412HOChr16,133772038,16,45.439
Ha412HOChr01,130845341,1,17.03
Ha412HOChr10,164735584,10,53.678
Ha412HOChr03,145829030,3,44.871
Ha412HOChr11,57052417,11,55.723
Ha412HOChr10,174030121,10,57.808
Ha412HOChr10,114775467,10,43.867
Ha412HOChr14,141621538,14,19.686
Ha412HOChr14,179789323,14,53.201
Ha412HOChr13,171350615,13,59.692
Ha412HOChr03,176536448,3,73.885
Ha412HOChr03,176537203,3,73.885
Ha412HOChr05,77647418,5,33.889
Ha412HOChr10,69533247,10,43.867
Ha412HOChr03,104555768,3,37.293
Ha412HOChr17,1813960,17,1.107
Ha412HOChr12,17790206,12,24.661
Ha412HOChr17,149581694,17,57.771
Ha412HOChr12,13222093,12,30.406
Ha412HOChr16,192656856,16,62.78
Ha412HOChr15,133706279,15,4.841
Ha412HOChr02,98224167,2,21.147
Ha412HOChr12,38378676,12,16.217
Ha412HOChr13,131891141,13,42.905
Ha412HOChr03,108329968,3,37.293
Ha412HOChr05,41600532,5,33.889
Ha412HOChr01,109801750,1,18.176
Ha412HOChr10,167304362,10,54.368
Ha412HOChr10,167569824,10,54.368
Ha412HOChr10,167570250,10,54.368
Ha412HOChr01,89997384,1,18.176
Ha412HOChr10,178025088,10,62.307
Ha412HOChr14,89404410,14,4.12
Ha412HOChr10,49721061,10,43.867
Ha412HOChr01,115772275,1,18.176
Ha412HOChr13,159048681,13,48.296
Ha412HOChr12,12306197,12,31.817
Ha412HOChr13,122650558,13,39.765
Ha412HOChr01,56033912,1,18.176
Ha412HOChr11,19219833,11,45.945
Ha412HOChr03,146070926,3,45.247
Ha412HOChr08,48875436,8,42.334
Ha412HOChr12,31340615,12,19.099
Ha412HOChr10,24420103,10,38.413
Ha412HOChr05,159258546,5,44.459
Ha412HOChr01,123981443,1,17.597
Ha412HOChr02,86265842,2,21.395
Ha412HOChr06,9764031,6,21.922
Ha412HOChr14,141180587,14,19.303
Ha412HOChr05,160188080,5,44.459
Ha412HOChr16,30637882,16,47.567
Ha412HOChr04,212282316,4,67.871
Ha412HOChr15,13326354,15,43.019
Ha412HOChr10,1243638,10,0
Ha412HOChr03,155357882,3,48.238
Ha412HOChr11,10252431,11,28.802
Ha412HOChr11,172493519,11,69.826
Ha412HOChr15,24470894,15,37.024
Ha412HOChr07,143574474,7,21.378
Ha412HOChr08,26661185,8,36.834
Ha412HOChr17,21179121,17,45.72
Ha412HOChr07,145529233,7,24.171
Ha412HOChr09,172580500,9,55.674
Ha412HOChr02,181310660,2,65.206
Ha412HOChr02,181310342,2,65.206
Ha412HOChr12,1759477,12,36.34
Ha412HOChr10,190187850,10,94.481
Ha412HOChr02,28451618,2,24.352
Ha412HOChr08,16829695,8,29.182
Ha412HOChr17,2852409,17,3.228
Ha412HOChr13,125137305,13,40.899
Ha412HOChr09,123520787,9,31.501
Ha412HOChr10,106120499,10,43.867
Ha412HOChr11,36323097,11,50.129
Ha412HOChr16,31497947,16,47.567
Ha412HOChr15,1797187,15,79.899
Ha412HOChr15,1796864,15,79.899
Ha412HOChr10,115398193,10,43.867
Ha412HOChr05,126561723,5,39.879
Ha412HOChr06,17636869,6,34.554
Ha412HOChr13,152188195,13,47.18
Ha412HOChr02,181322749,2,65.206
Ha412HOChr02,92100219,2,21.147
Ha412HOChr01,133618131,1,16.759
Ha412HOChr03,154839312,3,47.857
Ha412HOChr04,124648997,4,44.389
Ha412HOChr09,130742553,9,35.106
Ha412HOChr02,11777828,2,11.072
Ha412HOChr09,188637470,9,63.889
Ha412HOChr08,50784303,8,42.334
Ha412HOChr05,130756963,5,41.395
Ha412HOChr05,136092601,5,43.307
Ha412HOChr16,42665355,16,47.404
Ha412HOChr09,109785531,9,28.094
Ha412HOChr08,44432663,8,42.334
Ha412HOChr09,56517552,9,25.944
Ha412HOChr10,29599611,10,41.402
Ha412HOChr10,67918952,10,43.867
Ha412HOChr05,177480872,5,45.238
Ha412HOChr08,30681034,8,40.611
Ha412HOChr13,163630654,13,49.772
Ha412HOChr16,38647232,16,47.567
Ha412HOChr01,149610579,1,43.803
Ha412HOChr10,119764228,10,44.236
Ha412HOChr07,136136090,7,14.764
Ha412HOChr07,153326453,7,39.093
Ha412HOChr01,97522768,1,18.176
Ha412HOChr13,153171830,13,47.552
Ha412HOChr14,135285548,14,15.116
Ha412HOChr10,112148535,10,43.867
Ha412HOChr07,154446858,7,47.854
Ha412HOChr02,86405952,2,21.37
Ha412HOChr10,163601194,10,52.351
Ha412HOChr17,19271514,17,45.72
Ha412HOChr04,212259084,4,67.491
Ha412HOChr08,28561946,8,37.217
Ha412HOChr14,134024746,14,14.767
Ha412HOChr01,89741293,1,18.176
Ha412HOChr01,89736735,1,18.176
Ha412HOChr17,26145798,17,48.04
Ha412HOChr16,117790427,16,46.111
Ha412HOChr17,18882929,17,45.72
Ha412HOChr09,110989257,9,28.094
Ha412HOChr01,93561964,1,18.176
Ha412HOChr05,94632597,5,33.889
Ha412HOChr11,38412695,11,50.879
Ha412HOChr17,38938815,17,51.789
Ha412HOChr03,161822924,3,50.944
Ha412HOChr17,31395098,17,49.247
Ha412HOChr09,179985463,9,57.134
Ha412HOChr16,147371916,16,50.06
Ha412HOChr13,85251525,13,10.002
Ha412HOChr04,20095089,4,34.638
Ha412HOChr11,55530558,11,55.524
Ha412HOChr16,102471788,16,46.273
Ha412HOChr05,180691945,5,62.98
Ha412HOChr02,24336112,2,18.866
Ha412HOChr14,187790071,14,78.557
Ha412HOChr13,78691222,13,3.918
Ha412HOChr16,215798467,16,94.406
Ha412HOChr02,102400361,2,21.147
Ha412HOChr10,168662352,10,54.368
Ha412HOChr06,27331338,6,42.242
Ha412HOChr12,35998691,12,17.337
Ha412HOChr01,43624650,1,18.176
Ha412HOChr02,180328707,2,64.826
Ha412HOChr02,3370225,2,0
Ha412HOChr10,80416190,10,43.867
Ha412HOChr14,156711180,14,26.313
Ha412HOChr10,167428236,10,54.368
Ha412HOChr13,95119834,13,29.256
Ha412HOChr13,85540925,13,10.002
Ha412HOChr01,138511924,1,22.846
Ha412HOChr10,142737526,10,46.482
Ha412HOChr04,58973254,4,42.903
Ha412HOChr16,20021890,16,38.654
Ha412HOChr03,28136937,3,31.031
Ha412HOChr13,163988263,13,49.772
Ha412HOChr05,150407576,5,44.459
Ha412HOChr01,132631114,1,17.03
Ha412HOChr12,26556744,12,20.951
Ha412HOChr09,173053134,9,55.674
Ha412HOChr17,137109747,17,57.562
Ha412HOChr15,111897931,15,14.531
Ha412HOChr14,125907903,14,11.682
Ha412HOChr14,125907675,14,11.682
Ha412HOChr03,176829343,3,74.927
Ha412HOChr03,146153023,3,45.247
Ha412HOChr01,139916475,1,25.113
Ha412HOChr15,135499929,15,4.841
Ha412HOChr13,165703063,13,50.721
Ha412HOChr10,170091091,10,55.103
Ha412HOChr09,131035655,9,35.702
Ha412HOChr08,89043844,8,53.4
Ha412HOChr10,64172882,10,43.867
Ha412HOChr01,39903191,1,18.176
Ha412HOChr17,39356132,17,51.789
Ha412HOChr12,17347340,12,25.037
Ha412HOChr10,79541295,10,43.867
Ha412HOChr17,17487268,17,43.74
Ha412HOChr11,58282273,11,56.086
Ha412HOChr07,142440761,7,20.24
Ha412HOChr12,9523707,12,61.815
Ha412HOChr09,189776741,9,65.873
Ha412HOChr09,189775472,9,65.873
Ha412HOChr10,151685495,10,48.356
Ha412HOChr06,25903711,6,41.089
Ha412HOChr08,112744929,8,59.873
Ha412HOChr10,118665890,10,43.867
Ha412HOChr01,39008264,1,18.176
Ha412HOChr09,57291222,9,25.944
Ha412HOChr09,189874916,9,65.873
Ha412HOChr13,82917425,13,6.964
Ha412HOChr10,69268226,10,43.867
Ha412HOChr16,78389379,16,46.76
Ha412HOChr15,754153,15,80.269
Ha412HOChr17,69350741,17,55.959
Ha412HOChr15,134361766,15,4.841
Ha412HOChr04,218786785,4,97.267
Ha412HOChr08,30236697,8,39.141
Ha412HOChr11,43237732,11,52.641
Ha412HOChr05,105687781,5,34.638
Ha412HOChr05,105686705,5,34.638
Ha412HOChr13,33310969,13,0.432
Ha412HOChr02,24336698,2,24.352
Ha412HOChr02,24337562,2,24.352
Ha412HOChr01,97969914,1,18.176
Ha412HOChr03,143485710,3,44.871
Ha412HOChr13,4242960,13,0
Ha412HOChr01,125640046,1,17.597
Ha412HOChr13,65315288,13,1.441
Ha412HOChr11,29128592,11,49.41
Ha412HOChr17,188724331,17,65.661
Ha412HOChr03,181339745,3,88.989
Ha412HOChr10,133642314,10,44.973
Ha412HOChr13,152188739,13,47.18
Ha412HOChr10,88441129,10,43.867
Ha412HOChr01,94881259,1,18.176
Ha412HOChr01,61568527,1,18.176
Ha412HOChr01,22260114,1,18.176
Ha412HOChr01,138047748,1,14.891
Ha412HOChr02,141829360,2,20.544
Ha412HOChr03,159626620,3,50.522
Ha412HOChr10,141014336,10,46.109
Ha412HOChr05,167287034,5,44.459
Ha412HOChr01,119226145,1,17.886
Ha412HOChr01,123977615,1,17.597
Ha412HOChr15,144706474,15,3.714
Ha412HOChr01,123978107,1,17.597
Ha412HOChr16,50377599,16,46.582
Ha412HOChr15,526034,15,80.269
Ha412HOChr03,4305135,3,7.436
Ha412HOChr15,113062476,15,14.531
Ha412HOChr09,140063420,9,42.002
Ha412HOChr10,148617530,10,47.983
Ha412HOChr03,154881722,3,48.238
Ha412HOChr09,137689717,9,40.5
Ha412HOChr05,153099494,5,44.459
Ha412HOChr17,25621741,17,48.04
Ha412HOChr09,46046400,9,25.202
Ha412HOChr06,16182656,6,34.554
Ha412HOChr08,126893326,8,62.398
Ha412HOChr11,56267719,11,55.723
Ha412HOChr11,4027658,11,7.613
Ha412HOChr05,172232462,5,44.459
Ha412HOChr14,158520311,14,26.977
Ha412HOChr14,134190847,14,14.767
Ha412HOChr05,159405416,5,44.459
Ha412HOChr05,159408838,5,44.459
Ha412HOChr08,99023406,8,57.919
Ha412HOChr03,170286985,12,26.158
Ha412HOChr04,216003466,4,85.936
Ha412HOChr09,21007871,9,22.426
Ha412HOChr13,31776021,13,0.432
Ha412HOChr13,159132741,13,48.296
Ha412HOChr15,185507593,15,0
Ha412HOChr01,21123455,1,18.176
Ha412HOChr13,124264135,13,40.538
Ha412HOChr01,75264484,1,18.176
Ha412HOChr01,75264204,1,18.176
Ha412HOChr15,12264637,15,45.71
Ha412HOChr05,153098307,5,44.459
Ha412HOChr16,162594411,16,51.885
Ha412HOChr12,34507818,12,18.728
Ha412HOChr02,184291374,2,73.923
Ha412HOChr10,119417962,10,44.236
Ha412HOChr09,172746513,9,55.674
Ha412HOChr15,118504576,15,10.792
Ha412HOChr10,175663480,10,58.74
Ha412HOChr03,173114775,3,59.197
Ha412HOChr15,185693532,15,0
Ha412HOChr16,39333805,16,47.567
Ha412HOChr16,163938657,16,52.828
Ha412HOChr05,21432752,5,33.107
Ha412HOChr08,96743781,8,56.342
Ha412HOChr14,116113503,14,8.145
Ha412HOChr13,171187840,13,57.617
Ha412HOChr05,28162624,5,33.48
Ha412HOChr17,62482439,17,55.598
Ha412HOChr06,11866622,6,25.333
Ha412HOChr14,170999682,14,35.074
Ha412HOChr03,142236271,3,44.495
Ha412HOChr03,142237397,3,44.495
Ha412HOChr10,50118934,10,43.867
Ha412HOChr16,144838762,16,44.246
Ha412HOChr17,145924100,17,57.968
Ha412HOChr04,220061794,4,99.306
Ha412HOChr17,15618826,17,39.428
Ha412HOChr14,177709072,14,47.19
Ha412HOChr16,187608973,16,55.372
Ha412HOChr09,165470695,9,52.654
Ha412HOChr05,176864556,5,44.459
Ha412HOChr03,181329401,3,88.989
Ha412HOChr02,142553792,2,20.544
Ha412HOChr09,170573218,9,54.938
Ha412HOChr03,142235148,3,44.495
Ha412HOChr02,171406628,2,39.138
Ha412HOChr01,102696403,1,18.176
Ha412HOChr15,111976357,15,14.531
Ha412HOChr03,123492000,3,38.83
Ha412HOChr10,152552531,10,49.412
Ha412HOChr13,163628406,13,49.772
Ha412HOChr17,199069787,17,85.074
Ha412HOChr05,121313530,5,37.624
Ha412HOChr15,163774843,15,2.977
Ha412HOChr08,16153632,8,28.784
Ha412HOChr12,10101481,12,62.191
Ha412HOChr14,162189527,14,28.547
Ha412HOChr14,179793977,14,53.598
Ha412HOChr09,138311383,9,41.221
Ha412HOChr06,47088619,6,52.116
Ha412HOChr01,2180244,1,4.123
Ha412HOChr10,164773732,10,53.678
Ha412HOChr01,113619882,1,18.176
Ha412HOChr17,64657116,17,55.959
Ha412HOChr17,42064792,17,52.164
Ha412HOChr03,181335890,3,88.989
Ha412HOChr10,162750967,10,52.056
Ha412HOChr08,58055247,8,42.713
Ha412HOChr17,127282697,17,57.562
Ha412HOChr01,149612372,1,43.803
Ha412HOChr14,124747193,14,10.568
Ha412HOChr09,179752866,9,57.134
Ha412HOChr10,106418074,10,43.867
Ha412HOChr10,151458413,10,48.356
Ha412HOChr10,106121496,10,43.867
Ha412HOChr10,62811386,10,43.867
Ha412HOChr07,148841773,7,28.305
Ha412HOChr14,139192713,14,17.801
Ha412HOChr17,10467857,17,27.528
Ha412HOChr04,215205692,4,80.117
Ha412HOChr03,135593442,3,41.483
Ha412HOChr10,145562261,10,46.863
Ha412HOChr16,145516637,16,49.851
Ha412HOChr01,7253934,1,19.317
Ha412HOChr13,157839185,13,48.296
Ha412HOChr11,151868279,11,62.23
Ha412HOChr07,144913658,7,22.677
Ha412HOChr09,183452643,9,58.988
Ha412HOChr16,187563487,16,55.372
Ha412HOChr02,24347822,2,24.25
Ha412HOChr06,59013504,6,55.208
Ha412HOChr13,43502393,13,0.432
Ha412HOChr14,187652727,14,78.557
Ha412HOChr04,213328533,4,70.553
Ha412HOChr13,135318541,13,43.232
Ha412HOChr10,115799477,10,43.867
Ha412HOChr05,80735221,5,33.889
Ha412HOChr15,145043735,15,3.345
Ha412HOChr08,44513171,8,42.334
Ha412HOChr08,85554185,8,48.289
Ha412HOChr10,152415000,10,49.108
Ha412HOChr12,41334018,12,15.094
Ha412HOChr17,145403251,17,57.968
Ha412HOChr12,30185508,12,19.84
Ha412HOChr01,145606058,1,31.244
Ha412HOChr10,174436218,10,57.808
Ha412HOChr08,36800545,8,41.362
Ha412HOChr07,153254350,7,39.093
Ha412HOChr16,60391194,16,46.76
Ha412HOChr17,16145963,17,42.246
Ha412HOChr12,174929008,12,0
Ha412HOChr17,34113671,10,50.112
Ha412HOChr04,59409423,4,43.274
Ha412HOChr10,150187705,10,47.983
Ha412HOChr15,180376990,15,2.977
Ha412HOChr08,40055072,8,41.542
Ha412HOChr10,120083855,10,44.236
Ha412HOChr10,13430103,10,26.923
Ha412HOChr03,140248240,3,42.607
Ha412HOChr15,6908573,15,61.778
Ha412HOChr02,24349929,2,24.352
Ha412HOChr11,28930612,11,49.41
Ha412HOChr10,119103525,10,44.236
Ha412HOChr10,148471425,10,47.983
Ha412HOChr16,68915803,16,46.76
Ha412HOChr03,18510685,3,26.735
Ha412HOChr16,162591803,16,51.885
Ha412HOChr04,460427,4,0
Ha412HOChr10,166006176,10,53.678
Ha412HOChr16,171017703,14,9.161
Ha412HOChr13,165659685,13,50.721
Ha412HOChr02,60621217,2,22.29
Ha412HOChr11,139582838,11,59.235
Ha412HOChr10,10568812,10,20.696
Ha412HOChr01,139594474,1,23.981
Ha412HOChr13,154264393,13,47.552
Ha412HOChr11,174280020,11,70.109
Ha412HOChr12,7987052,12,55.921
Ha412HOChr10,59484949,10,43.867
Ha412HOChr10,119204089,10,44.236
Ha412HOChr10,60608660,10,43.867
Ha412HOChr12,17830216,12,24.284
Ha412HOChr05,98723086,5,34.638
Ha412HOChr10,21739412,10,36.446
Ha412HOChr10,33157391,10,42.742
Ha412HOChr07,149278287,7,28.711
Ha412HOChr02,25832712,2,24.385
Ha412HOChr13,169032105,13,53.224
Ha412HOChr12,1991406,12,36.737
Ha412HOChr17,122373355,17,57.562
Ha412HOChr04,20061855,4,34.638
Ha412HOChr10,88121044,10,43.867
Ha412HOChr03,18630840,3,27.547
Ha412HOChr17,41900462,17,52.164
Ha412HOChr16,78933755,16,46.273
Ha412HOChr15,24469497,15,37.005
Ha412HOChr01,157585503,1,71.684
Ha412HOChr01,148979451,1,40.317
Ha412HOChr10,175388396,10,58.198
Ha412HOChr02,136676468,2,20.544
Ha412HOChr16,55835756,16,46.673
Ha412HOChr09,7725179,9,13.578
Ha412HOChr13,163987877,13,49.772
Ha412HOChr13,129012638,13,42.146
Ha412HOChr14,181915490,14,59.89
Ha412HOChr09,102607601,9,27.325
Ha412HOChr06,45695970,6,51.753
Ha412HOChr14,126810671,14,12.983
Ha412HOChr05,181071190,5,66.817
Ha412HOChr06,41861170,6,48.669
Ha412HOChr14,110974741,14,6.041
Ha412HOChr10,163590187,10,52.351
Ha412HOChr06,41297824,6,48.669
Ha412HOChr08,24741551,8,35.481
Ha412HOChr14,135464324,14,15.116
Ha412HOChr12,114008798,14,13.742
Ha412HOChr01,94628887,1,18.176
Ha412HOChr14,139116826,14,17.801
Ha412HOChr17,42073474,17,52.164
Ha412HOChr14,139114502,14,17.801
Ha412HOChr14,170510700,14,33.63
Ha412HOChr04,215150300,4,79.346
Ha412HOChr09,178053601,9,56.393
Ha412HOChr11,55637858,11,55.524
Ha412HOChr17,52390154,17,54.866
Ha412HOChr10,21082050,10,35.654
Ha412HOChr09,125485148,16,66.479
Ha412HOChr17,190216579,17,66.06
Ha412HOChr08,74303825,8,44.398
Ha412HOChr10,42664242,10,43.49
Ha412HOChr08,9180156,8,18.166
Ha412HOChr01,80380408,1,18.176
Ha412HOChr08,114285709,8,60.64
Ha412HOChr01,101203473,1,18.176
Ha412HOChr01,101203702,1,18.176
Ha412HOChr02,21003532,2,18.665
Ha412HOChr05,41283219,5,33.889
Ha412HOChr07,103091542,7,8.815
Ha412HOChr10,150728135,10,48.356
Ha412HOChr03,142235688,3,44.495
Ha412HOChr06,87598814,6,58.162
Ha412HOChr05,123163533,5,38.757
Ha412HOChr10,46186415,10,43.49
Ha412HOChr13,74950673,13,2.408
Ha412HOChr17,62260499,17,55.598
Ha412HOChr06,87346792,6,58.162
Ha412HOChr10,41936945,10,43.49
Ha412HOChr11,179099807,11,74.891
Ha412HOChr03,130323098,3,40.733
Ha412HOChr04,52907822,4,41.868
Ha412HOChr16,210737482,16,84.206
Ha412HOChr05,90573987,5,33.889
Ha412HOChr16,77054861,16,46.76
Ha412HOChr01,39008907,1,18.176
Ha412HOChr12,37967225,12,16.589
Ha412HOChr01,33176817,1,18.176
Ha412HOChr10,113815085,10,43.867
Ha412HOChr16,63567412,16,46.76
Ha412HOChr10,114707332,10,43.867
Ha412HOChr05,52414063,5,33.889
Ha412HOChr01,136816595,1,16.224
Ha412HOChr10,156163225,10,50.112
Ha412HOChr14,117155493,14,8.83
Ha412HOChr05,172783731,5,44.459
Ha412HOChr04,58972650,4,42.903
Ha412HOChr12,34361105,12,19.099
Ha412HOChr10,9408064,10,16.345
Ha412HOChr03,18444907,3,26.33
Ha412HOChr05,4420140,5,6.242
Ha412HOChr15,147678088,15,3.345
Ha412HOChr05,154492754,5,44.459
Ha412HOChr01,63991128,1,18.176
Ha412HOChr06,10488505,6,23.099
Ha412HOChr03,146149168,3,45.247
Ha412HOChr09,124234726,9,31.501
Ha412HOChr13,90577232,13,24.058
Ha412HOChr17,23300046,17,47.698
Ha412HOChr08,47769130,8,42.334
Ha412HOChr06,8942456,6,19.631
Ha412HOChr10,118665223,10,43.867
Ha412HOChr09,138644052,9,41.61
Ha412HOChr01,118314103,1,17.886
Ha412HOChr08,96097750,8,56.342
Ha412HOChr03,126281495,3,39.593
Ha412HOChr08,96097134,8,56.342
Ha412HOChr14,117788567,14,9.161
Ha412HOChr14,159547263,14,27.535
Ha412HOChr02,142435304,2,20.544
Ha412HOChr14,166165331,14,28.795
Ha412HOChr13,78824479,13,3.918
Ha412HOChr16,162581030,16,51.885
Ha412HOChr12,39781001,12,15.843
Ha412HOChr09,109284709,9,28.094
Ha412HOChr09,141676772,9,43.375
Ha412HOChr16,30608480,16,47.567
Ha412HOChr09,186271078,9,60.446
Ha412HOChr10,124238104,10,44.236
Ha412HOChr01,79864169,1,18.176
Ha412HOChr08,110764208,8,59.094
Ha412HOChr05,70414858,5,33.889
Ha412HOChr09,143674870,9,44.602
Ha412HOChr10,190042433,10,94.481
Ha412HOChr11,44188267,11,53.072
Ha412HOChr17,24158422,17,47.698
Ha412HOChr11,141077071,11,59.235
Ha412HOChr15,23512568,15,37.683
Ha412HOChr12,5207742,12,45.753
Ha412HOChr15,60944756,15,28.522
Ha412HOChr10,169644161,10,55.103
Ha412HOChr14,139116329,14,17.801
Ha412HOChr16,47438173,16,46.582
Ha412HOChr01,7454105,1,19.317
Ha412HOChr10,124874199,10,44.236
Ha412HOChr13,153849469,13,47.552
Ha412HOChr03,124314954,3,39.212
Ha412HOChr10,110925478,10,43.867
Ha412HOChr10,110925681,10,43.867
Ha412HOChr01,127077675,1,17.597
Ha412HOChr10,21180507,10,35.654
Ha412HOChr10,29428347,10,41.402
Ha412HOChr04,214981550,4,77.828
Ha412HOChr04,214982260,4,77.828
Ha412HOChr10,116268062,10,43.867
Ha412HOChr02,142519228,2,20.544
Ha412HOChr01,156804497,1,72.465
Ha412HOChr16,130732551,16,45.439
Ha412HOChr03,141022974,3,42.984
Ha412HOChr05,174820339,5,44.459
Ha412HOChr14,156537559,14,26.313
Ha412HOChr11,42571203,11,52.268
Ha412HOChr03,123498080,3,38.83
Ha412HOChr15,61073468,15,28.131
Ha412HOChr12,2431573,12,37.133
Ha412HOChr17,41028245,17,52.164
Ha412HOChr10,109447725,10,43.867
Ha412HOChr17,158896892,17,59.496
Ha412HOChr01,136351328,1,16.224
Ha412HOChr01,143094047,1,28.988
Ha412HOChr01,39024920,1,18.176
Ha412HOChr06,68106787,6,56.894
Ha412HOChr13,115571724,13,38.24
Ha412HOChr06,31139836,6,44.483
Ha412HOChr03,173439402,3,64.52
Ha412HOChr13,131343190,13,42.905
Ha412HOChr16,8059409,16,16.595
Ha412HOChr16,18501958,16,36.919
Ha412HOChr13,99964756,13,34.739
Ha412HOChr04,213342379,4,70.922
Ha412HOChr01,81592882,1,18.176
Ha412HOChr03,171954413,3,57.983
Ha412HOChr03,171952436,3,57.983
Ha412HOChr02,79311334,2,21.37
Ha412HOChr02,173107620,2,40.717
Ha412HOChr02,123094283,2,20.978
Ha412HOChr05,159278040,5,44.459
Ha412HOChr10,106116339,10,43.867
Ha412HOChr09,126580459,9,32.989
Ha412HOChr10,70699702,10,43.867
Ha412HOChr17,170821356,17,62.104
Ha412HOChr13,88443512,13,18.349
Ha412HOChr05,153760402,5,44.459
Ha412HOChr09,193764407,9,76.718
Ha412HOChr16,44662939,16,46.488
Ha412HOChr17,11243345,17,29.083
Ha412HOChr03,165658823,3,52.876
Ha412HOChr12,3869235,12,42.259
Ha412HOChr13,7891559,13,0.432
Ha412HOChr03,173911560,3,64.52
Ha412HOChr01,43146609,1,18.176
Ha412HOChr05,155920197,5,44.459
Ha412HOChr03,108576555,3,37.293
Ha412HOChr04,59414659,4,43.274
Ha412HOChr09,177806363,9,56.393
Ha412HOChr05,165711603,5,44.459
Ha412HOChr13,124559109,13,40.5
Ha412HOChr15,624584,15,80.269
Ha412HOChr13,152365633,13,47.18
Ha412HOChr10,135854994,10,44.973
Ha412HOChr05,137166686,5,43.307
Ha412HOChr16,215297745,16,94.039
Ha412HOChr16,19317760,16,37.605
Ha412HOChr11,52253051,11,55.168
Ha412HOChr13,148961067,13,45.707
Ha412HOChr12,42208640,12,15.094
Ha412HOChr08,24588988,8,35.481
Ha412HOChr09,129796354,9,35.334
Ha412HOChr01,134023628,1,16.475
Ha412HOChr01,134024089,1,16.475
Ha412HOChr15,154946827,15,2.977
Ha412HOChr13,106709333,13,37.473
Ha412HOChr13,106710016,13,37.473
Ha412HOChr03,140395410,3,42.984
Ha412HOChr17,10537119,17,28.316
Ha412HOChr10,152090036,10,48.356
Ha412HOChr09,115579704,9,29.399
Ha412HOChr10,13213223,10,26.527
Ha412HOChr05,21468032,5,33.107
Ha412HOChr10,188902635,10,84.79
Ha412HOChr03,167265323,3,54.057
Ha412HOChr17,66615079,17,55.959
Ha412HOChr12,44376604,12,13.259
Ha412HOChr08,134155211,8,62.398
Ha412HOChr11,178760059,11,73.297
Ha412HOChr12,33845176,12,19.099
Ha412HOChr05,157399512,5,44.459
Ha412HOChr10,68371933,10,43.867
Ha412HOChr17,141129339,17,57.968
Ha412HOChr10,154384851,10,49.801
Ha412HOChr06,30032565,6,44.483
Ha412HOChr17,22093177,17,46.121
Ha412HOChr05,725146,5,0
Ha412HOChr06,26500511,6,41.869
Ha412HOChr13,55217381,13,0.721
Ha412HOChr01,125686177,1,17.597
Ha412HOChr01,123375497,1,17.597
Ha412HOChr03,166868068,3,53.662
Ha412HOChr15,671842,15,80.269
Ha412HOChr04,221536560,4,100.298
Ha412HOChr17,109818858,17,57.562
Ha412HOChr04,213327942,4,70.553
Ha412HOChr02,92076084,2,21.167
Ha412HOChr01,71055123,1,18.176
Ha412HOChr01,75229509,1,18.176
Ha412HOChr10,38629025,10,43.49
Ha412HOChr10,58477886,10,43.867
Ha412HOChr16,128905846,16,45.568
Ha412HOChr10,134924298,10,44.973
Ha412HOChr10,113488004,10,43.867
Ha412HOChr16,207572835,16,77.695
Ha412HOChr09,6951815,9,9.539
Ha412HOChr12,8014688,12,55.921
Ha412HOChr09,165160448,9,52.654
Ha412HOChr05,92772586,5,33.889
Ha412HOChr10,69526135,10,43.867
Ha412HOChr10,190600005,10,94.481
Ha412HOChr03,176527648,3,73.71
Ha412HOChr17,1733303,17,1.107
Ha412HOChr05,43552091,5,33.889
Ha412HOChr10,31693339,10,41.986
Ha412HOChr12,31657067,12,19.099
Ha412HOChr14,110976951,14,6.041
Ha412HOChr08,18264891,8,29.992
Ha412HOChr01,99066865,1,18.176
Ha412HOChr13,78816691,13,3.918
Ha412HOChr13,122646506,13,39.765
Ha412HOChr05,123286008,5,38.757
Ha412HOChr17,21994684,17,46.121
Ha412HOChr15,40569770,15,32.076
Ha412HOChr16,188225121,16,58.384
Ha412HOChr10,88121617,10,43.867
Ha412HOChr13,175233873,13,69.451
Ha412HOChr03,166867514,3,53.662
Ha412HOChr02,184209775,2,73.923
Ha412HOChr01,51518739,1,18.176
Ha412HOChr12,13505396,12,29.639
Ha412HOChr16,42158590,16,47.404
Ha412HOChr02,175146281,2,43.476
Ha412HOChr10,170090572,10,55.103
Ha412HOChr16,20505923,16,39.025
Ha412HOChr10,4976053,10,8.683
Ha412HOChr06,30958007,6,44.483
Ha412HOChr03,132717445,3,41.112
Ha412HOChr14,170162942,14,33.149
Ha412HOChr01,133896090,1,16.475
Ha412HOChr16,142069703,16,44.689
Ha412HOChr10,70698941,10,43.867
Ha412HOChr10,22216409,10,37.222
Ha412HOChr17,145011773,17,57.968
Ha412HOChr15,123581416,15,7.658
Ha412HOChr15,184742993,15,0.745
Ha412HOChr16,16389041,16,33.96
Ha412HOChr06,38136045,6,47.122
Ha412HOChr16,61074535,16,46.76
Ha412HOChr09,124232090,9,31.501
Ha412HOChr01,69513892,1,18.176
Ha412HOChr08,27486157,8,36.834
Ha412HOChr13,157952035,13,48.296
Ha412HOChr17,106661597,17,57.562
Ha412HOChr16,114425132,16,46.111
Ha412HOChr01,133625553,1,16.759
Ha412HOChr11,139793996,11,59.235
Ha412HOChr02,183872942,2,73.359
Ha412HOChr03,175751313,3,70.415
Ha412HOChr03,175751887,3,70.415
Ha412HOChr10,75427736,10,43.867
Ha412HOChr08,48924760,8,42.334
Ha412HOChr01,91566087,1,18.176
Ha412HOChr14,62786889,10,48.379
Ha412HOChr09,188112887,9,61.919
Ha412HOChr10,26381989,10,39.953
Ha412HOChr12,1159508,12,35.139
Ha412HOChr10,145067059,10,46.482
Ha412HOChr06,5717628,6,13.997
Ha412HOChr05,56792640,5,33.889
Ha412HOChr03,163124618,3,50.944
Ha412HOChr10,42658010,10,43.49
Ha412HOChr13,99404654,13,34.739
Ha412HOChr03,18569640,3,27.141
Ha412HOChr12,25774269,12,21.324
Ha412HOChr17,16087798,17,41.481
Ha412HOChr03,146074905,3,45.247
Ha412HOChr03,146075282,3,45.247
Ha412HOChr02,46120810,2,19.82
Ha412HOChr09,196607165,9,85.385
Ha412HOChr10,141014910,10,46.109
Ha412HOChr02,146503462,2,22.93
Ha412HOChr11,7343877,11,19.487
Ha412HOChr05,166745750,5,44.459
Ha412HOChr05,166745360,5,44.459
Ha412HOChr14,156712685,14,26.313
Ha412HOChr17,60390045,17,55.598
Ha412HOChr01,106057467,1,18.176
Ha412HOChr01,117342849,1,17.886
Ha412HOChr17,37906929,17,51.789
Ha412HOChr04,219192045,4,98.397
Ha412HOChr03,142234472,3,44.495
Ha412HOChr10,156562022,10,50.112
Ha412HOChr05,158440345,5,44.459
Ha412HOChr15,7204134,15,60.493
Ha412HOChr15,186024450,15,0
Ha412HOChr13,142942143,13,44.999
Ha412HOChr09,191187996,9,69.087
Ha412HOChr06,41610334,6,48.669
Ha412HOChr14,156719271,14,26.313
Ha412HOChr17,20840656,17,45.72
Ha412HOChr08,96115978,8,56.342
Ha412HOChr05,173147789,5,44.459
Ha412HOChr12,36757975,12,17.337
Ha412HOChr02,179118274,2,57.831
Ha412HOChr12,3808657,12,42.259
Ha412HOChr01,138653797,1,22.846
Ha412HOChr01,53267459,1,18.176
Ha412HOChr01,36598540,1,18.176
Ha412HOChr15,671244,15,80.269
Ha412HOChr01,121350799,1,17.597
Ha412HOChr10,20479447,10,34.938
Ha412HOChr15,148156724,15,3.345
Ha412HOChr10,170123920,10,55.103
Ha412HOChr16,48236756,16,46.582
Ha412HOChr11,141080586,11,59.248
Ha412HOChr16,43910844,16,47.314
Ha412HOChr10,81625456,10,43.867
Ha412HOChr16,48584587,16,46.582
Ha412HOChr13,163579556,13,49.772
Ha412HOChr01,37847048,1,18.176
Ha412HOChr05,97988226,5,34.638
Ha412HOChr05,1782279,5,0.715
Ha412HOChr13,122647247,13,39.765
Ha412HOChr04,25203370,4,36.786
Ha412HOChr13,155953655,13,48.296
Ha412HOChr05,94020647,5,33.711
Ha412HOChr12,27985055,12,20.584
Ha412HOChr08,26071292,8,35.87
Ha412HOChr17,38937237,17,51.789
Ha412HOChr09,179817012,9,57.134
Ha412HOChr08,2143751,8,3.056
Ha412HOChr03,152207475,3,46.381
Ha412HOChr03,152207854,3,46.381
Ha412HOChr08,12316953,8,22.357
Ha412HOChr15,61067013,15,28.131
Ha412HOChr05,86027316,5,33.889
Ha412HOChr09,124250661,9,31.501
Ha412HOChr13,111772239,13,37.857
Ha412HOChr16,19504306,16,37.605
Ha412HOChr02,133844852,2,20.683
Ha412HOChr05,186685632,5,91.766
Ha412HOChr10,40029516,10,43.492
Ha412HOChr09,194279497,1,18.176
Ha412HOChr10,69133108,10,43.867
Ha412HOChr16,17707461,16,36.598
Ha412HOChr14,182057756,14,59.89
Ha412HOChr15,1213814,15,79.899
Ha412HOChr08,37034898,8,41.766
Ha412HOChr10,39116522,1,18.176
Ha412HOChr10,80928602,10,43.867
Ha412HOChr05,28699786,5,33.889
Ha412HOChr09,46046517,9,25.202
Ha412HOChr06,151059155,13,0.432
Ha412HOChr07,133153364,12,22.071
Ha412HOChr05,126733773,5,39.879
Ha412HOChr04,185006282,5,44.459
Ha412HOChr16,55835346,16,46.691
Ha412HOChr16,197126692,16,66.479
Ha412HOChr05,90635280,5,33.889
Ha412HOChr02,153080674,11,50.879
Ha412HOChr11,38485899,11,50.879
Ha412HOChr06,109042421,1,17.03
Ha412HOChr09,126767516,9,32.989
Ha412HOChr14,12612682,14,1.178
Ha412HOChr02,180308623,2,64.826
Ha412HOChr13,135508194,13,43.232
Ha412HOChr13,4049213,13,0
Ha412HOChr10,12411493,1,18.176
Ha412HOChr11,6402740,11,17.159
Ha412HOChr15,44906038,8,42.334
Ha412HOChr07,46301067,5,44.459
Ha412HOChr05,7741136,5,13.57
Ha412HOChr08,45194235,3,46.804
Ha412HOChr09,126749776,9,32.989
Ha412HOChr16,172542755,16,53.432
Ha412HOChr17,192480604,17,68.798
Ha412HOChr10,181192201,10,67.563
Ha412HOChr01,75438403,1,18.176
Ha412HOChr02,180101148,2,64.444
Ha412HOChr03,179713451,3,86.475
Ha412HOChr03,27556731,3,31.031
Ha412HOChr15,185599392,15,0
Ha412HOChr04,213291246,4,70.553
Ha412HOChr08,2703577,8,4.401
Ha412HOChr17,5199684,17,12.094
Ha412HOChr15,61187737,15,28.131
Ha412HOChr14,1745920,14,0
Ha412HOChr10,116595961,10,43.867
Ha412HOChr17,36907428,17,51.789
Ha412HOChr14,126351315,14,12.797
Ha412HOChr14,177690610,14,46.768
Ha412HOChr14,1745828,14,0
Ha412HOChr09,192736383,9,73.283
Ha412HOChr10,124241277,10,44.236
Ha412HOChr10,124873563,10,44.236
Ha412HOChr14,13620861,14,1.56
Ha412HOChr10,94771708,14,1.56
Ha412HOChr15,184751665,15,0.745
Ha412HOChr11,172919262,11,69.826
Ha412HOChr16,12738896,16,30.119
Ha412HOChr01,74964656,1,18.176
Ha412HOChr10,30741809,10,41.402
Ha412HOChr14,186578492,14,77.455
Ha412HOChr16,39103975,16,47.567
Ha412HOChr17,199376624,17,87.769
Ha412HOChr05,149231462,5,44.459
Ha412HOChr16,813698,16,1.329
Ha412HOChr09,144489518,9,45.808
Ha412HOChr03,160935375,3,50.656
Ha412HOChr02,71563008,2,21.364
Ha412HOChr13,133684926,13,42.905
Ha412HOChr13,53117433,13,0.235
Ha412HOChr01,95045797,1,18.176
Ha412HOChr09,137818518,9,40.5
Ha412HOChr09,127132459,9,32.989
Ha412HOChr03,132763401,3,41.112
Ha412HOChr10,1523929,10,0.758
Ha412HOChr02,180100825,2,64.444
Ha412HOChr04,212497757,4,67.871
Ha412HOChr10,124241827,10,44.236
Ha412HOChr10,139785329,10,45.731
Ha412HOChr13,6711992,13,0
Ha412HOChr08,15294922,8,26.832
Ha412HOChr05,149230913,5,44.459
Ha412HOChr07,138351033,7,15.131
Ha412HOChr01,117483608,1,17.886
Ha412HOChr06,26870769,6,42.242
Ha412HOChr13,6711260,13,0
Ha412HOChr16,130737434,16,45.439
Ha412HOChr08,2703579,8,4.401
Ha412HOChr01,13513844,1,18.176
Ha412HOChr16,63563158,16,46.76
Ha412HOChr17,171465106,17,62.104
Ha412HOChr01,140363141,1,25.495
Ha412HOChr10,156631412,10,50.112
Ha412HOChr09,178431237,9,56.393
Ha412HOChr04,36488737,4,38.965
Ha412HOChr01,74988289,1,18.176
Ha412HOChr01,21252154,1,18.176
Ha412HOChr16,19581212,16,37.605
Ha412HOChr06,9175761,6,20.764
Ha412HOChr13,133685956,13,43.232
Ha412HOChr01,68900978,1,18.176
Ha412HOChr02,125354495,2,20.978
Ha412HOChr09,137807320,9,40.5
Ha412HOChr08,100520453,8,57.919
Ha412HOChr10,190277234,10,94.481
Ha412HOChr01,109298674,1,18.176
Ha412HOChr02,58805664,2,22.29
Ha412HOChr10,126111562,17,64.106
Ha412HOChr08,113019735,8,59.873
Ha412HOChr08,22046283,8,33.131
Ha412HOChr10,114904638,10,43.867
Ha412HOChr01,68900594,1,18.176
Ha412HOChr10,116649758,10,43.867
Ha412HOChr10,127364046,10,44.236
Ha412HOChr15,53427343,15,30.313
Ha412HOChr03,144869565,3,44.871
Ha412HOChr14,141096290,14,19.303
Ha412HOChr06,17636095,6,34.554
Ha412HOChr05,131655673,5,42.146
Ha412HOChr08,112944367,8,59.873
Ha412HOChr08,100520484,8,57.919
Ha412HOChr17,5200324,17,12.094
Ha412HOChr17,21160686,17,45.72
Ha412HOChr01,134707739,1,16.224
Ha412HOChr13,62878139,13,1.441
Ha412HOChr06,47358607,6,53.001
Ha412HOChr16,31428904,16,47.567
Ha412HOChr07,155906556,7,55.558
Ha412HOChr03,141022183,3,42.984
Ha412HOChr03,27040298,3,31.031
Ha412HOChr17,140234877,17,57.968
Ha412HOChr01,79133343,1,18.176
Ha412HOChr17,179252492,17,63.585
Ha412HOChr05,159468251,5,44.459
Ha412HOChr02,125355033,2,20.978
Ha412HOChr17,15609155,17,39.566
Ha412HOChr10,151681373,10,48.356
Ha412HOChr16,68163440,16,46.76
Ha412HOChr14,177689957,14,46.768
Ha412HOChr14,162378198,14,28.547
Ha412HOChr14,162377999,14,28.547
Ha412HOChr06,26870819,6,42.242
Ha412HOChr08,113021127,8,59.873
Ha412HOChr02,89672051,2,21.167
Ha412HOChr03,155358493,3,48.238
Ha412HOChr01,95051510,1,18.176
Ha412HOChr10,69742436,10,43.867
Ha412HOChr17,22683898,1,0
Ha412HOChr16,190387904,16,59.586
Ha412HOChr10,181193256,10,67.563
Ha412HOChr10,181194009,10,67.563
Ha412HOChr10,13522698,10,27.282
Ha412HOChr12,41042850,12,15.469
Ha412HOChr03,123412741,3,38.83
Ha412HOChr10,119400073,10,44.236
Ha412HOChr03,144870314,3,44.871
Ha412HOChr05,108457680,5,34.638
Ha412HOChr01,95054612,1,18.176
Ha412HOChr01,33873693,1,18.176
Ha412HOChr04,213290621,4,70.553
Ha412HOChr03,27040373,3,31.031
Ha412HOChr14,141096881,14,19.303
Ha412HOChr01,102240438,1,18.176
Ha412HOChr01,102239821,1,18.176
Ha412HOChr03,158082155,3,49.759
Ha412HOChr08,79080437,8,45.512
Ha412HOChr08,79080331,8,45.512
Ha412HOChr09,127663014,9,33.765
Ha412HOChr10,78280591,10,43.867
Ha412HOChr10,154385531,10,49.801
Ha412HOChr13,175488530,13,69.451
Ha412HOChr10,114905266,10,43.867
Ha412HOChr10,60668131,10,43.867
Ha412HOChr15,53427444,15,30.313
Ha412HOChr01,140356435,1,25.495
Ha412HOChr13,165800061,13,50.721
Ha412HOChr10,172421661,10,56.245
Ha412HOChr10,30927837,10,41.66
Ha412HOChr11,28900840,11,49.966
Ha412HOChr03,162944312,3,50.944
Ha412HOChr16,39103382,16,47.567
Ha412HOChr16,68163457,16,46.76
Ha412HOChr10,116649267,10,43.867
Ha412HOChr09,46109617,9,25.202
Ha412HOChr10,9666552,10,16.894
Ha412HOChr01,33474765,1,18.176
Ha412HOChr05,153287321,5,44.459
Ha412HOChr14,163245514,14,28.795
Ha412HOChr01,136119111,1,16.224
